ID,Age,Income,Sex,Marital status,Education,Occupation,Settlement size,Segment,SegmentLabel
100000001,67,124670,0,0,2,1,2,0,well-off
100000002,22,150773,1,1,1,1,2,3,standard
100000003,49,89210,0,0,1,0,0,1,fewer-opportunities
100000004,45,171565,0,0,1,1,1,2,career-focused
100000005,53,149031,0,0,1,1,1,2,career-focused
100000006,35,144848,0,0,1,0,0,1,fewer-opportunities
100000007,53,156495,0,0,1,1,1,2,career-focused
100000008,35,193621,0,0,1,2,1,2,career-focused
100000009,61,151591,0,1,2,0,0,0,well-off
100000010,28,174646,0,1,1,2,0,2,career-focused
100000011,25,108469,1,1,1,1,0,3,standard
100000012,24,127596,1,1,1,1,0,3,standard
100000013,22,108687,1,1,1,1,2,3,standard
100000014,60,89374,0,0,2,0,0,1,fewer-opportunities
100000015,28,102899,1,1,1,1,1,3,standard
100000016,32,88428,1,1,1,0,0,3,standard
100000017,53,125550,0,0,1,1,0,1,fewer-opportunities
100000018,25,157434,0,0,0,1,2,2,career-focused
100000019,44,261952,1,1,2,2,2,0,well-off
100000020,31,144657,0,0,0,1,1,2,career-focused
100000021,48,118777,0,0,1,1,1,2,career-focused
100000022,44,147511,0,0,1,1,1,2,career-focused
100000023,48,89804,0,0,1,0,0,1,fewer-opportunities
100000024,44,134918,0,0,1,1,2,2,career-focused
100000025,26,103667,0,1,1,1,2,2,career-focused
100000026,36,71909,0,0,1,0,0,1,fewer-opportunities
100000027,39,68264,0,1,1,0,0,1,fewer-opportunities
100000028,42,163025,1,1,2,1,1,0,well-off
100000029,34,119307,0,0,1,1,1,2,career-focused
100000030,63,175882,0,0,2,1,0,0,well-off
100000031,36,159646,0,1,1,1,1,2,career-focused
100000032,27,120131,0,0,0,1,1,2,career-focused
100000033,30,162745,0,0,0,1,2,2,career-focused
100000034,57,87605,0,0,2,0,0,1,fewer-opportunities
100000035,33,155569,1,1,1,2,1,3,standard
100000036,25,104505,0,0,0,0,0,1,fewer-opportunities
100000037,31,143385,0,0,0,1,2,2,career-focused
100000038,37,127676,0,0,1,1,1,2,career-focused
100000039,37,119276,0,0,1,1,1,2,career-focused
100000040,24,92542,0,0,0,1,1,2,career-focused
100000041,30,163329,0,0,0,2,1,2,career-focused
100000042,26,130921,0,1,1,1,0,3,standard
100000043,44,133658,0,0,1,0,0,1,fewer-opportunities
100000044,24,155104,0,1,1,1,1,2,career-focused
100000045,58,142335,1,1,2,0,1,0,well-off
100000046,35,138387,1,1,1,2,1,3,standard
100000047,39,140182,0,0,1,1,0,1,fewer-opportunities
100000048,23,65421,1,1,1,0,0,3,standard
100000049,39,130500,0,0,1,0,0,1,fewer-opportunities
100000050,28,122831,1,1,1,1,0,3,standard
100000051,29,84531,0,0,0,0,0,1,fewer-opportunities
100000052,30,180196,0,0,0,2,2,2,career-focused
100000053,25,92058,0,0,0,1,2,2,career-focused
100000054,31,117158,0,0,0,1,0,1,fewer-opportunities
100000055,57,135830,0,0,2,1,1,0,well-off
100000056,26,58258,0,0,0,0,0,1,fewer-opportunities
100000057,52,202575,0,0,1,2,2,2,career-focused
100000058,31,183657,1,1,1,1,1,3,standard
100000059,23,152267,1,1,1,2,1,3,standard
100000060,23,115240,1,1,1,0,0,3,standard
100000061,27,106955,0,1,1,1,2,2,career-focused
100000062,50,123641,0,0,1,1,1,2,career-focused
100000063,61,166410,0,0,2,2,1,0,well-off
100000064,25,227385,0,0,0,1,2,2,career-focused
100000065,26,118372,1,1,1,1,1,3,standard
100000066,48,148115,0,0,1,1,1,2,career-focused
100000067,29,111069,1,1,1,1,0,3,standard
100000068,22,139780,0,1,1,1,0,3,standard
100000069,37,106978,0,0,1,1,2,2,career-focused
100000070,25,110019,1,1,1,1,2,3,standard
100000071,30,169102,1,1,1,1,1,3,standard
100000072,46,73703,0,0,1,0,0,1,fewer-opportunities
100000073,51,141858,0,0,1,2,2,2,career-focused
100000074,41,135959,1,1,2,0,0,3,standard
100000075,40,140888,0,0,1,2,2,2,career-focused
100000076,66,157299,0,0,2,2,2,0,well-off
100000077,34,125187,0,0,1,1,1,2,career-focused
100000078,51,155486,0,0,1,1,2,2,career-focused
100000079,39,151697,0,0,1,0,0,1,fewer-opportunities
100000080,22,126400,0,1,1,1,1,3,standard
100000081,44,159246,1,1,2,1,2,0,well-off
100000082,47,136138,0,0,1,1,1,2,career-focused
100000083,24,84792,1,1,1,0,0,3,standard
100000084,58,100210,1,1,2,0,0,0,well-off
100000085,52,93706,0,0,1,0,0,1,fewer-opportunities
100000086,29,133783,1,1,1,2,1,3,standard
100000087,27,110064,1,1,1,1,2,3,standard
100000088,47,241068,0,0,1,1,1,2,career-focused
100000089,30,149022,0,0,0,2,2,2,career-focused
100000090,28,92973,0,0,0,1,2,2,career-focused
100000091,56,110605,0,0,1,1,1,2,career-focused
100000092,54,116604,0,0,1,1,1,2,career-focused
100000093,33,71070,1,1,1,0,0,3,standard
100000094,20,128678,0,0,0,1,1,2,career-focused
100000095,54,165230,0,0,1,1,2,2,career-focused
100000096,58,268340,0,0,2,1,1,0,well-off
100000097,61,135070,1,1,2,1,1,0,well-off
100000098,34,134794,0,0,1,1,2,2,career-focused
100000099,36,120153,0,0,1,1,1,2,career-focused
100000100,36,195465,0,0,1,2,2,2,career-focused
100000101,41,93372,0,1,1,0,0,1,fewer-opportunities
100000102,24,110446,0,0,0,1,0,1,fewer-opportunities
100000103,24,95186,1,1,1,1,1,3,standard
100000104,35,115343,0,0,1,1,1,2,career-focused
100000105,26,107276,0,1,1,1,1,3,standard
100000106,39,244716,0,0,1,2,2,2,career-focused
100000107,39,183108,0,0,1,2,2,2,career-focused
100000108,32,152876,0,0,0,1,2,2,career-focused
100000109,30,165147,1,1,1,1,0,3,standard
100000110,35,140520,0,1,1,1,0,3,standard
100000111,31,124203,0,1,1,1,1,2,career-focused
100000112,23,107205,1,1,1,1,1,3,standard
100000113,28,121432,0,0,0,0,2,2,career-focused
100000114,25,162445,1,1,1,1,0,3,standard
100000115,35,134112,0,1,1,1,1,2,career-focused
100000116,47,131842,0,0,1,1,1,2,career-focused
100000117,30,189896,1,1,1,2,0,3,standard
100000118,27,109099,1,1,1,1,2,3,standard
100000119,23,153539,1,1,1,1,1,3,standard
100000120,36,180495,0,1,1,2,1,2,career-focused
100000121,25,104653,1,1,1,1,2,3,standard
100000122,41,166933,1,1,2,2,2,0,well-off
100000123,24,66118,0,0,0,0,0,1,fewer-opportunities
100000124,63,135754,0,0,2,1,0,0,well-off
100000125,27,116103,1,1,1,1,2,3,standard
100000126,30,104293,0,0,0,1,1,2,career-focused
100000127,40,71702,0,1,1,0,0,1,fewer-opportunities
100000128,30,99066,0,0,0,1,2,2,career-focused
100000129,34,143979,0,0,1,2,2,2,career-focused
100000130,29,123818,1,1,1,1,0,3,standard
100000131,24,176714,1,1,1,1,2,3,standard
100000132,29,149249,0,0,0,1,2,2,career-focused
100000133,27,77535,0,0,0,0,0,1,fewer-opportunities
100000134,47,116540,0,0,1,1,1,2,career-focused
100000135,21,194728,1,1,1,1,0,3,standard
100000136,38,109311,1,1,1,1,2,3,standard
100000137,27,204723,0,0,0,1,2,2,career-focused
100000138,66,126003,0,0,2,0,0,0,well-off
100000139,35,123109,0,0,1,1,1,2,career-focused
100000140,44,108251,1,1,2,0,0,3,standard
100000141,27,89908,0,1,1,0,0,3,standard
100000142,30,176057,1,1,1,2,1,3,standard
100000143,27,144332,0,0,0,2,2,2,career-focused
100000144,22,101185,0,0,0,1,1,2,career-focused
100000145,23,107406,1,1,1,1,2,3,standard
100000146,30,140665,0,0,0,1,1,2,career-focused
100000147,39,106461,1,1,2,1,0,3,standard
100000148,51,127825,1,1,2,1,0,0,well-off
100000149,28,133898,0,0,0,1,1,2,career-focused
100000150,46,152383,0,0,1,1,2,2,career-focused
100000151,42,119926,0,0,1,1,0,1,fewer-opportunities
100000152,38,108784,0,0,1,1,2,2,career-focused
100000153,24,153286,0,0,0,1,1,2,career-focused
100000154,29,214204,1,1,1,1,2,2,career-focused
100000155,36,208101,0,0,1,2,2,2,career-focused
100000156,20,95355,1,1,1,1,1,3,standard
100000157,48,124156,0,0,1,1,1,2,career-focused
100000158,45,72215,0,1,2,0,0,3,standard
100000159,38,146529,0,0,1,1,2,2,career-focused
100000160,34,75343,0,0,1,0,0,1,fewer-opportunities
100000161,36,129789,0,0,1,1,1,2,career-focused
100000162,30,101153,1,1,1,1,1,3,standard
100000163,36,127833,0,0,1,1,2,2,career-focused
100000164,70,224998,0,0,2,2,2,0,well-off
100000165,36,124445,0,0,1,1,2,2,career-focused
100000166,32,141116,0,0,0,1,1,2,career-focused
100000167,33,104276,1,1,1,1,2,3,standard
100000168,20,147687,1,1,1,1,2,3,standard
100000169,25,125168,1,1,1,1,1,3,standard
100000170,31,115369,0,1,1,1,2,2,career-focused
100000171,33,95445,0,0,1,1,0,1,fewer-opportunities
100000172,26,95159,1,1,1,1,1,3,standard
100000173,34,153031,1,1,1,2,2,2,career-focused
100000174,33,108899,0,0,1,1,0,1,fewer-opportunities
100000175,26,113515,0,0,0,1,1,2,career-focused
100000176,53,211229,1,1,2,2,0,0,well-off
100000177,42,121307,0,1,2,1,0,0,well-off
100000178,52,131727,0,0,1,1,2,2,career-focused
100000179,31,133574,0,0,0,2,1,2,career-focused
100000180,65,117334,0,0,2,1,0,0,well-off
100000181,28,177291,0,1,1,1,2,2,career-focused
100000182,30,168763,0,1,1,2,1,2,career-focused
100000183,40,77720,0,0,1,0,0,1,fewer-opportunities
100000184,50,176645,0,0,1,1,2,2,career-focused
100000185,36,106205,0,0,1,1,1,2,career-focused
100000186,31,97785,0,0,0,1,1,2,career-focused
100000187,74,214364,1,1,3,2,1,0,well-off
100000188,68,74525,0,0,2,0,0,1,fewer-opportunities
100000189,20,98988,0,1,1,1,0,3,standard
100000190,33,133561,1,1,1,1,1,3,standard
100000191,54,217651,0,0,1,2,2,2,career-focused
100000192,34,116525,0,0,1,0,0,1,fewer-opportunities
100000193,36,135302,0,0,1,1,2,2,career-focused
100000194,29,106434,0,1,1,1,1,3,standard
100000195,21,128350,0,0,0,1,2,2,career-focused
100000196,34,147626,1,1,1,2,2,2,career-focused
100000197,28,102697,1,1,1,1,0,3,standard
100000198,27,120262,1,1,1,1,0,3,standard
100000199,36,124214,0,0,1,1,2,2,career-focused
100000200,40,175223,0,1,1,2,1,2,career-focused
100000201,52,137467,0,0,1,1,0,1,fewer-opportunities
100000202,27,65815,0,1,1,0,0,3,standard
100000203,26,129864,0,0,0,1,1,2,career-focused
100000204,21,88475,0,1,1,1,1,3,standard
100000205,38,74666,0,0,1,0,0,1,fewer-opportunities
100000206,38,222294,0,0,1,2,2,2,career-focused
100000207,43,112878,0,0,1,1,0,1,fewer-opportunities
100000208,26,103411,0,0,0,1,2,2,career-focused
100000209,21,112868,0,1,1,0,0,3,standard
100000210,55,157940,0,0,1,1,2,2,career-focused
100000211,33,115835,0,0,1,1,2,2,career-focused
100000212,45,109807,1,1,2,0,0,3,standard
100000213,50,150699,0,0,1,1,1,2,career-focused
100000214,66,178967,0,0,2,2,0,0,well-off
100000215,51,132767,0,0,1,1,0,1,fewer-opportunities
100000216,39,86152,1,1,2,0,0,3,standard
100000217,31,114528,0,0,0,1,2,2,career-focused
100000218,23,133912,0,0,0,1,1,2,career-focused
100000219,24,81210,0,1,1,0,0,3,standard
100000220,64,131242,1,1,3,1,0,0,well-off
100000221,26,68804,0,1,1,0,0,3,standard
100000222,23,96961,1,1,1,1,1,3,standard
100000223,30,90719,0,0,0,1,2,2,career-focused
100000224,32,114116,0,0,0,1,1,2,career-focused
100000225,30,128639,0,0,0,1,1,2,career-focused
100000226,27,106623,0,0,0,1,1,2,career-focused
100000227,27,236264,0,0,0,1,1,2,career-focused
100000228,53,207783,0,0,1,2,1,2,career-focused
100000229,22,91739,0,0,0,1,1,2,career-focused
100000230,22,107780,0,0,0,1,2,2,career-focused
100000231,26,139157,0,0,0,1,2,2,career-focused
100000232,51,121751,0,0,1,0,0,1,fewer-opportunities
100000233,35,121974,0,0,1,1,0,1,fewer-opportunities
100000234,25,70320,0,1,1,0,0,3,standard
100000235,42,78327,0,0,1,0,0,1,fewer-opportunities
100000236,30,131433,0,0,0,2,0,2,career-focused
100000237,23,167076,0,0,0,0,2,2,career-focused
100000238,61,130788,0,1,2,0,0,0,well-off
100000239,35,107408,1,1,1,1,1,3,standard
100000240,39,115323,0,0,1,1,1,2,career-focused
100000241,29,99012,1,1,1,1,0,3,standard
100000242,51,115996,0,0,1,1,1,2,career-focused
100000243,24,123353,0,0,0,1,1,2,career-focused
100000244,27,100008,1,1,1,1,0,3,standard
100000245,35,125105,1,1,1,0,0,3,standard
100000246,25,92020,0,0,0,1,2,2,career-focused
100000247,52,108365,0,0,1,1,2,2,career-focused
100000248,35,112979,0,0,1,1,0,1,fewer-opportunities
100000249,26,117221,0,0,0,1,1,2,career-focused
100000250,22,88800,1,1,1,1,2,3,standard
100000251,39,115099,1,1,2,0,0,3,standard
100000252,46,113399,1,1,2,0,0,3,standard
100000253,24,115879,1,1,1,1,1,3,standard
100000254,35,141270,0,0,1,1,2,2,career-focused
100000255,24,107633,0,0,0,1,1,2,career-focused
100000256,27,131751,0,0,0,0,0,1,fewer-opportunities
100000257,35,83687,0,0,1,0,0,1,fewer-opportunities
100000258,29,106828,0,1,1,1,2,2,career-focused
100000259,23,135537,1,1,1,1,1,3,standard
100000260,57,107142,1,1,2,0,0,0,well-off
100000261,27,97446,0,0,0,1,1,2,career-focused
100000262,55,126357,1,1,2,1,2,0,well-off
100000263,36,169617,0,0,1,2,1,2,career-focused
100000264,57,108945,1,1,2,0,0,0,well-off
100000265,32,67345,0,0,0,0,0,1,fewer-opportunities
100000266,37,106215,0,0,1,1,0,1,fewer-opportunities
100000267,36,149237,0,0,1,1,0,1,fewer-opportunities
100000268,38,112124,1,1,1,1,0,3,standard
100000269,45,215150,0,1,2,2,2,0,well-off
100000270,25,89534,0,0,0,1,1,2,career-focused
100000271,32,111082,0,0,0,1,2,2,career-focused
100000272,37,137069,1,1,1,1,1,3,standard
100000273,36,244541,0,0,1,2,2,2,career-focused
100000274,28,120712,0,0,0,1,1,2,career-focused
100000275,34,175367,0,1,1,0,0,3,standard
100000276,32,111418,0,0,0,1,1,2,career-focused
100000277,26,110913,1,1,1,1,0,3,standard
100000278,49,84267,0,1,2,0,0,3,standard
100000279,32,136886,1,1,1,1,2,3,standard
100000280,29,144884,0,0,0,2,2,2,career-focused
100000281,23,151180,0,0,0,1,1,2,career-focused
100000282,50,114997,0,0,1,1,1,2,career-focused
100000283,49,100961,0,0,1,0,0,1,fewer-opportunities
100000284,63,124849,0,0,2,1,2,0,well-off
100000285,37,152308,0,1,1,1,2,2,career-focused
100000286,35,167945,1,1,1,0,1,3,standard
100000287,26,126706,0,0,0,1,2,2,career-focused
100000288,31,210017,0,0,0,2,2,2,career-focused
100000289,49,125665,1,1,2,1,1,0,well-off
100000290,48,111184,0,1,2,1,1,0,well-off
100000291,26,94134,0,1,1,1,0,3,standard
100000292,28,214620,0,1,1,2,1,2,career-focused
100000293,44,193816,1,1,2,2,1,0,well-off
100000294,56,168714,0,0,1,1,1,2,career-focused
100000295,46,202997,0,1,2,2,1,0,well-off
100000296,26,192451,1,1,1,1,2,3,standard
100000297,20,127928,1,1,1,1,2,3,standard
100000298,45,78253,0,0,1,0,0,1,fewer-opportunities
100000299,43,118446,0,0,1,1,1,2,career-focused
100000300,32,161379,0,0,0,1,2,2,career-focused
100000301,54,56622,1,1,2,0,0,3,standard
100000302,42,146117,1,1,2,1,1,0,well-off
100000303,37,90418,0,0,1,0,0,1,fewer-opportunities
100000304,49,109053,0,0,1,1,0,1,fewer-opportunities
100000305,44,219319,0,0,1,1,0,2,career-focused
100000306,33,144701,0,1,1,1,1,2,career-focused
100000307,24,102425,1,1,1,0,0,3,standard
100000308,33,79867,0,1,1,0,0,3,standard
100000309,24,107114,1,1,1,1,2,3,standard
100000310,22,62263,0,1,1,0,0,3,standard
100000311,40,92567,0,0,1,0,0,1,fewer-opportunities
100000312,25,146349,0,0,0,1,0,1,fewer-opportunities
100000313,26,141825,1,1,1,1,1,3,standard
100000314,25,68582,0,1,1,0,0,3,standard
100000315,29,85476,0,0,0,0,0,1,fewer-opportunities
100000316,31,111091,0,0,0,1,2,2,career-focused
100000317,38,67110,0,0,1,0,0,1,fewer-opportunities
100000318,48,126154,1,1,2,0,0,3,standard
100000319,32,92257,0,0,0,1,2,2,career-focused
100000320,27,93605,1,1,1,0,0,3,standard
100000321,28,165190,0,1,1,2,0,2,career-focused
100000322,32,107195,0,1,1,1,0,3,standard
100000323,34,145059,0,0,1,2,0,2,career-focused
100000324,28,148363,0,0,0,1,0,1,fewer-opportunities
100000325,36,105681,1,1,1,1,2,3,standard
100000326,39,93732,0,0,1,0,0,1,fewer-opportunities
100000327,49,154778,0,0,1,1,2,2,career-focused
100000328,34,149356,1,1,1,1,2,3,standard
100000329,31,145670,0,0,0,1,1,2,career-focused
100000330,28,101589,0,0,0,1,2,2,career-focused
100000331,75,213333,0,0,2,2,1,0,well-off
100000332,30,122420,1,1,1,1,0,3,standard
100000333,24,209856,1,1,1,2,1,2,career-focused
100000334,24,181003,1,1,1,0,0,3,standard
100000335,23,117804,0,0,0,1,1,2,career-focused
100000336,44,160650,0,1,2,2,1,0,well-off
100000337,23,84611,1,1,1,0,0,3,standard
100000338,24,98479,1,1,1,1,2,3,standard
100000339,28,122359,0,0,0,1,2,2,career-focused
100000340,31,81394,0,1,1,0,0,3,standard
100000341,24,150372,1,1,1,1,1,3,standard
100000342,26,92385,1,1,1,0,0,3,standard
100000343,25,149851,0,1,1,1,2,2,career-focused
100000344,33,167939,0,0,1,2,1,2,career-focused
100000345,37,115426,0,0,1,0,0,1,fewer-opportunities
100000346,43,85402,1,1,2,0,0,3,standard
100000347,23,95815,0,0,0,1,2,2,career-focused
100000348,23,97518,1,1,1,0,0,3,standard
100000349,34,87355,0,0,1,0,0,1,fewer-opportunities
100000350,32,145933,0,0,0,1,1,2,career-focused
100000351,23,97307,1,1,1,1,0,3,standard
100000352,29,108434,1,1,1,1,2,3,standard
100000353,38,151312,0,0,1,2,1,2,career-focused
100000354,28,141847,0,0,0,1,1,2,career-focused
100000355,46,130675,0,0,1,1,2,2,career-focused
100000356,23,69309,0,0,0,0,0,1,fewer-opportunities
100000357,49,121466,0,0,1,1,2,2,career-focused
100000358,26,153586,0,0,0,2,2,2,career-focused
100000359,28,92849,0,1,1,1,0,3,standard
100000360,23,108539,1,1,1,1,2,3,standard
100000361,61,129556,0,0,2,1,2,0,well-off
100000362,37,170146,0,0,1,2,0,2,career-focused
100000363,36,135383,1,1,1,1,1,3,standard
100000364,21,96769,0,1,1,1,2,2,career-focused
100000365,25,43684,0,0,0,0,0,1,fewer-opportunities
100000366,36,103521,0,0,1,1,0,1,fewer-opportunities
100000367,27,118499,0,0,0,1,1,2,career-focused
100000368,22,119684,1,1,1,1,2,3,standard
100000369,42,126586,0,0,1,1,1,2,career-focused
100000370,40,136812,1,1,2,1,2,0,well-off
100000371,36,118277,0,0,1,1,1,2,career-focused
100000372,33,144597,0,0,1,1,1,2,career-focused
100000373,23,106043,1,1,1,1,0,3,standard
100000374,63,272314,0,0,2,2,2,0,well-off
100000375,60,309364,1,1,2,2,2,0,well-off
100000376,37,170386,1,1,1,1,1,3,standard
100000377,34,112458,0,1,1,1,0,3,standard
100000378,36,96840,0,0,1,1,1,2,career-focused
100000379,57,281923,0,0,2,2,1,0,well-off
100000380,52,95551,1,1,2,0,0,3,standard
100000381,39,112347,0,0,1,1,2,2,career-focused
100000382,38,260977,1,1,1,2,2,0,well-off
100000383,25,99354,1,1,1,1,0,3,standard
100000384,26,111509,0,0,0,1,2,2,career-focused
100000385,26,105252,0,0,0,0,0,1,fewer-opportunities
100000386,25,108522,1,1,1,1,0,3,standard
100000387,21,94655,1,1,1,1,1,3,standard
100000388,40,201699,0,0,1,2,1,2,career-focused
100000389,27,139868,0,0,0,1,2,2,career-focused
100000390,27,102543,1,1,1,1,1,3,standard
100000391,30,134467,0,1,1,2,2,2,career-focused
100000392,19,111187,1,1,1,0,0,3,standard
100000393,39,152302,0,0,1,2,1,2,career-focused
100000394,31,110610,1,1,1,1,2,3,standard
100000395,31,137827,0,0,0,2,2,2,career-focused
100000396,32,220923,0,0,0,1,2,2,career-focused
100000397,55,165717,1,1,2,2,2,0,well-off
100000398,46,122299,0,1,2,1,0,0,well-off
100000399,46,120499,0,1,2,1,0,0,well-off
100000400,43,126449,1,1,2,0,0,3,standard
100000401,39,108315,0,1,1,1,2,2,career-focused
100000402,28,112515,0,1,1,1,1,3,standard
100000403,27,164559,0,0,0,1,1,2,career-focused
100000404,27,59238,0,0,0,0,0,1,fewer-opportunities
100000405,43,131133,0,0,1,1,0,1,fewer-opportunities
100000406,22,109188,0,1,1,1,0,3,standard
100000407,43,115393,0,0,1,1,1,2,career-focused
100000408,27,94711,0,1,1,1,2,2,career-focused
100000409,26,171860,0,1,1,2,0,2,career-focused
100000410,28,139414,0,1,1,1,2,2,career-focused
100000411,20,110931,1,1,1,1,1,3,standard
100000412,35,187549,0,0,1,2,2,2,career-focused
100000413,42,145508,0,0,1,2,0,2,career-focused
100000414,40,104240,0,0,1,0,0,1,fewer-opportunities
100000415,35,108272,1,1,1,1,1,3,standard
100000416,35,144004,0,0,1,1,2,2,career-focused
100000417,33,81083,0,0,1,0,0,1,fewer-opportunities
100000418,23,166763,1,1,1,1,1,3,standard
100000419,31,175530,1,1,1,2,1,3,standard
100000420,33,112422,1,1,1,1,1,3,standard
100000421,20,154134,1,1,1,1,2,3,standard
100000422,30,112401,0,0,0,1,1,2,career-focused
100000423,47,85690,0,0,1,0,0,1,fewer-opportunities
100000424,34,145896,0,0,1,2,2,2,career-focused
100000425,25,122552,1,1,1,1,2,3,standard
100000426,21,115494,0,1,1,1,2,2,career-focused
100000427,29,109467,0,0,0,1,0,1,fewer-opportunities
100000428,46,148226,0,0,1,1,2,2,career-focused
100000429,20,88559,0,0,0,1,1,2,career-focused
100000430,55,62393,1,1,2,0,0,3,standard
100000431,74,122133,0,0,2,0,0,0,well-off
100000432,29,230883,0,0,0,2,2,2,career-focused
100000433,36,136689,0,0,1,2,2,2,career-focused
100000434,33,109145,0,1,1,1,0,3,standard
100000435,25,100449,0,0,0,1,2,2,career-focused
100000436,25,106253,0,1,1,1,0,3,standard
100000437,23,84747,0,1,1,0,0,3,standard
100000438,37,149465,1,1,1,1,1,3,standard
100000439,65,84435,0,0,2,0,0,1,fewer-opportunities
100000440,26,51681,1,1,1,0,0,3,standard
100000441,39,139198,0,0,1,2,1,2,career-focused
100000442,30,106577,1,1,1,1,1,3,standard
100000443,29,117372,0,0,0,1,2,2,career-focused
100000444,41,69609,0,0,1,0,0,1,fewer-opportunities
100000445,30,178947,1,1,1,2,2,2,career-focused
100000446,41,81743,1,1,2,0,0,3,standard
100000447,34,111900,1,1,1,1,1,3,standard
100000448,35,121650,0,0,1,1,0,1,fewer-opportunities
100000449,55,172639,1,1,2,2,2,0,well-off
100000450,61,175740,0,1,2,1,1,0,well-off
100000451,30,220050,0,0,0,2,2,2,career-focused
100000452,29,95200,1,1,1,1,1,3,standard
100000453,34,113609,0,0,1,1,1,2,career-focused
100000454,35,143552,0,0,1,2,2,2,career-focused
100000455,31,130973,0,0,0,1,2,2,career-focused
100000456,29,145946,1,1,1,2,2,2,career-focused
100000457,36,126206,0,0,1,1,1,2,career-focused
100000458,35,120426,0,0,1,1,0,1,fewer-opportunities
100000459,27,91925,1,1,1,1,2,3,standard
100000460,32,129630,0,0,0,1,2,2,career-focused
100000461,37,124268,0,0,1,1,2,2,career-focused
100000462,36,105240,0,0,1,1,1,2,career-focused
100000463,34,162180,1,1,1,2,0,3,standard
100000464,38,106552,0,0,1,1,2,2,career-focused
100000465,34,105843,0,0,1,1,2,2,career-focused
100000466,63,138327,0,0,2,1,1,0,well-off
100000467,29,76154,1,1,1,0,0,3,standard
100000468,32,155012,0,0,0,1,1,2,career-focused
100000469,26,114369,1,1,1,1,1,3,standard
100000470,35,102839,0,0,1,0,0,1,fewer-opportunities
100000471,22,132796,0,1,1,1,0,3,standard
100000472,23,89742,1,1,1,1,2,3,standard
100000473,28,58615,0,0,0,0,0,1,fewer-opportunities
100000474,36,130603,0,0,1,2,2,2,career-focused
100000475,33,110340,0,1,1,1,0,3,standard
100000476,26,117729,1,1,1,1,2,3,standard
100000477,24,130808,0,0,0,1,0,1,fewer-opportunities
100000478,25,147402,0,0,0,1,2,2,career-focused
100000479,39,93567,0,0,1,0,0,1,fewer-opportunities
100000480,44,109289,0,0,1,1,1,2,career-focused
100000481,23,98742,1,1,1,0,0,3,standard
100000482,26,101270,0,0,0,1,0,1,fewer-opportunities
100000483,57,187835,1,1,2,1,1,0,well-off
100000484,30,140741,1,1,1,1,0,3,standard
100000485,44,133265,0,0,1,1,2,2,career-focused
100000486,47,148100,0,0,1,2,2,2,career-focused
100000487,52,131021,0,0,1,1,2,2,career-focused
100000488,62,152620,1,1,2,1,2,0,well-off
100000489,35,85033,0,0,1,0,0,1,fewer-opportunities
100000490,26,114514,0,0,0,1,1,2,career-focused
100000491,26,99307,0,0,0,1,1,2,career-focused
100000492,42,219451,1,1,2,2,2,0,well-off
100000493,27,114007,1,1,1,1,0,3,standard
100000494,38,102846,0,0,1,1,0,1,fewer-opportunities
100000495,39,81483,0,0,1,0,0,1,fewer-opportunities
100000496,20,107779,0,1,1,1,2,2,career-focused
100000497,29,222360,0,0,0,2,2,2,career-focused
100000498,40,107125,0,0,1,1,0,1,fewer-opportunities
100000499,32,80080,0,1,1,0,0,3,standard
100000500,28,129600,0,1,1,1,0,3,standard
100000501,27,118613,1,1,1,1,1,3,standard
100000502,42,146237,0,0,1,1,1,2,career-focused
100000503,49,144461,0,1,2,1,2,0,well-off
100000504,38,124487,0,0,1,1,0,1,fewer-opportunities
100000505,24,97826,1,1,1,1,0,3,standard
100000506,27,64105,0,0,0,0,0,1,fewer-opportunities
100000507,36,156374,0,0,1,1,2,2,career-focused
100000508,34,205383,0,0,1,2,2,2,career-focused
100000509,28,98964,0,1,1,1,2,2,career-focused
100000510,45,221842,0,0,1,2,2,2,career-focused
100000511,26,88027,0,0,0,1,2,2,career-focused
100000512,32,160513,0,0,0,2,2,2,career-focused
100000513,26,124536,0,0,0,1,2,2,career-focused
100000514,20,93634,0,1,1,1,0,3,standard
100000515,54,124725,0,0,1,1,0,1,fewer-opportunities
100000516,37,102456,1,1,1,1,0,3,standard
100000517,40,74975,0,0,1,0,0,1,fewer-opportunities
100000518,23,153861,1,1,1,1,1,3,standard
100000519,43,119351,0,0,1,1,2,2,career-focused
100000520,36,95438,0,0,1,1,2,2,career-focused
100000521,44,147967,0,0,1,1,2,2,career-focused
100000522,24,116863,1,1,1,1,1,3,standard
100000523,53,170622,0,0,1,1,1,2,career-focused
100000524,23,132426,1,1,1,1,1,3,standard
100000525,26,77519,1,1,1,0,0,3,standard
100000526,30,169405,0,0,0,1,2,2,career-focused
100000527,31,120030,1,1,1,1,0,3,standard
100000528,42,77933,0,0,1,0,0,1,fewer-opportunities
100000529,31,109892,0,1,1,1,1,3,standard
100000530,41,69062,0,0,1,0,0,1,fewer-opportunities
100000531,32,116348,0,0,0,1,0,1,fewer-opportunities
100000532,28,137188,1,1,1,1,1,3,standard
100000533,41,110199,0,1,1,1,0,3,standard
100000534,26,109890,0,1,1,1,1,3,standard
100000535,25,109751,0,0,0,1,2,2,career-focused
100000536,33,129651,0,1,1,1,1,2,career-focused
100000537,75,170113,1,1,3,2,1,0,well-off
100000538,37,140285,1,1,1,1,1,3,standard
100000539,42,198029,0,0,1,2,2,2,career-focused
100000540,45,120262,1,1,2,0,0,3,standard
100000541,23,105137,0,1,1,1,1,3,standard
100000542,60,127371,0,0,2,1,0,0,well-off
100000543,31,145689,0,0,0,1,0,1,fewer-opportunities
100000544,34,102617,0,0,1,0,1,1,fewer-opportunities
100000545,61,90709,0,0,2,0,0,1,fewer-opportunities
100000546,43,107099,0,0,1,1,1,2,career-focused
100000547,37,116021,1,1,1,1,2,3,standard
100000548,32,100426,0,0,0,1,2,2,career-focused
100000549,24,62249,1,1,1,0,0,3,standard
100000550,35,172957,0,0,1,1,1,2,career-focused
100000551,23,95003,1,1,1,1,1,3,standard
100000552,45,109698,0,0,1,0,0,1,fewer-opportunities
100000553,34,157376,0,1,1,1,0,3,standard
100000554,27,123191,0,0,0,1,2,2,career-focused
100000555,67,171052,1,1,3,2,0,0,well-off
100000556,22,99328,0,0,0,1,0,1,fewer-opportunities
100000557,28,133799,1,1,1,1,2,3,standard
100000558,29,138256,1,1,1,1,2,3,standard
100000559,27,115638,0,0,0,1,0,1,fewer-opportunities
100000560,31,82238,0,0,0,0,0,1,fewer-opportunities
100000561,49,127543,0,0,1,1,1,2,career-focused
100000562,24,63987,0,0,0,0,0,1,fewer-opportunities
100000563,29,114784,1,1,1,1,0,3,standard
100000564,37,217450,0,0,1,1,1,2,career-focused
100000565,37,173751,0,0,1,2,2,2,career-focused
100000566,23,122850,1,1,1,1,0,3,standard
100000567,36,104953,0,1,1,1,0,3,standard
100000568,34,152371,0,0,1,1,1,2,career-focused
100000569,41,139905,0,0,1,1,0,1,fewer-opportunities
100000570,31,156700,1,1,1,1,1,3,standard
100000571,23,86488,1,1,1,0,0,3,standard
100000572,38,147472,0,0,1,1,0,1,fewer-opportunities
100000573,26,169991,1,1,1,2,0,3,standard
100000574,22,62381,1,1,1,0,0,3,standard
100000575,27,70926,0,0,0,0,0,1,fewer-opportunities
100000576,24,113004,1,1,1,1,1,3,standard
100000577,27,125760,1,1,1,1,0,3,standard
100000578,33,111918,1,1,1,1,2,3,standard
100000579,27,120674,0,1,1,1,1,3,standard
100000580,27,63597,0,1,1,0,0,3,standard
100000581,30,103069,0,0,0,1,1,2,career-focused
100000582,49,108079,0,0,1,0,0,1,fewer-opportunities
100000583,26,101159,1,1,1,1,1,3,standard
100000584,33,88211,0,0,1,0,0,1,fewer-opportunities
100000585,52,159052,1,1,2,2,1,0,well-off
100000586,20,102623,1,1,1,1,2,3,standard
100000587,36,115589,0,0,1,1,0,1,fewer-opportunities
100000588,21,59127,0,0,0,0,0,1,fewer-opportunities
100000589,47,82240,0,1,2,0,0,3,standard
100000590,60,129425,0,0,2,1,1,0,well-off
100000591,58,87058,1,1,2,0,0,0,well-off
100000592,42,128462,1,1,2,1,2,0,well-off
100000593,36,121403,1,1,1,0,0,3,standard
100000594,20,88141,1,1,1,0,0,3,standard
100000595,40,134946,0,0,1,2,2,2,career-focused
100000596,32,94058,1,1,1,0,0,3,standard
100000597,23,99285,1,1,1,1,1,3,standard
100000598,36,108432,0,0,1,0,0,1,fewer-opportunities
100000599,31,111369,0,0,0,1,0,1,fewer-opportunities
100000600,32,122612,0,0,0,1,2,2,career-focused
100000601,45,134350,1,1,2,1,0,0,well-off
100000602,30,108838,1,1,1,1,2,3,standard
100000603,34,90852,1,1,1,0,0,3,standard
100000604,28,151580,1,1,1,2,2,2,career-focused
100000605,23,115681,1,1,1,1,1,3,standard
100000606,22,131699,0,0,0,1,1,2,career-focused
100000607,74,192481,0,0,2,2,1,0,well-off
100000608,50,155122,1,1,2,1,2,0,well-off
100000609,33,106015,0,0,1,1,2,2,career-focused
100000610,45,108378,0,0,1,1,0,1,fewer-opportunities
100000611,22,105257,1,1,1,1,1,3,standard
100000612,48,118788,1,1,2,0,0,3,standard
100000613,29,162955,1,1,1,1,2,3,standard
100000614,22,119511,1,1,1,1,2,3,standard
100000615,22,102000,1,1,1,1,0,3,standard
100000616,48,254449,0,0,1,2,1,2,career-focused
100000617,27,208446,0,0,0,2,2,2,career-focused
100000618,37,124805,0,0,1,1,0,1,fewer-opportunities
100000619,21,139379,1,1,1,1,0,3,standard
100000620,49,78296,0,1,2,0,0,3,standard
100000621,27,125598,0,0,0,1,1,2,career-focused
100000622,32,100215,0,0,0,1,2,2,career-focused
100000623,38,130951,0,1,1,1,2,2,career-focused
100000624,22,102480,1,1,1,1,2,3,standard
100000625,65,136812,0,0,2,1,1,0,well-off
100000626,35,106919,0,0,1,1,1,2,career-focused
100000627,41,131020,0,0,1,1,2,2,career-focused
100000628,29,119429,0,0,0,1,1,2,career-focused
100000629,36,154521,0,0,1,1,1,2,career-focused
100000630,64,117842,0,0,2,0,0,0,well-off
100000631,28,124566,1,1,1,1,2,3,standard
100000632,44,110009,0,0,1,1,2,2,career-focused
100000633,23,101210,0,0,0,1,1,2,career-focused
100000634,19,101258,1,1,1,1,0,3,standard
100000635,25,79045,1,1,1,0,0,3,standard
100000636,47,110866,0,0,1,1,0,1,fewer-opportunities
100000637,28,129640,1,1,1,1,2,3,standard
100000638,21,227021,0,0,0,1,1,2,career-focused
100000639,34,108549,1,1,1,1,1,3,standard
100000640,26,122693,0,0,0,1,0,1,fewer-opportunities
100000641,27,35832,1,1,1,0,0,3,standard
100000642,38,81870,0,0,1,0,0,1,fewer-opportunities
100000643,40,179790,0,0,1,2,2,2,career-focused
100000644,33,107158,0,1,1,1,1,3,standard
100000645,32,136638,0,1,1,2,1,2,career-focused
100000646,27,158147,0,0,0,1,2,2,career-focused
100000647,32,132587,0,1,1,1,2,2,career-focused
100000648,26,128140,1,1,1,1,2,3,standard
100000649,38,117405,0,0,1,1,1,2,career-focused
100000650,40,68475,0,0,1,0,0,1,fewer-opportunities
100000651,50,201656,0,0,1,2,2,2,career-focused
100000652,37,86967,0,0,1,0,0,1,fewer-opportunities
100000653,45,118006,0,0,1,1,1,2,career-focused
100000654,42,223630,0,0,1,2,2,2,career-focused
100000655,35,110442,0,0,1,1,0,1,fewer-opportunities
100000656,22,115691,0,0,0,1,2,2,career-focused
100000657,41,80232,0,0,1,0,0,1,fewer-opportunities
100000658,37,187647,0,0,1,1,1,2,career-focused
100000659,28,138952,1,1,1,1,1,3,standard
100000660,41,162772,0,0,1,1,2,2,career-focused
100000661,23,111862,0,1,1,1,1,3,standard
100000662,23,90051,0,1,1,1,1,3,standard
100000663,50,121400,0,0,1,1,1,2,career-focused
100000664,35,137000,0,0,1,2,2,2,career-focused
100000665,50,105031,1,1,2,0,0,3,standard
100000666,27,172153,0,0,0,2,2,2,career-focused
100000667,34,170184,0,0,1,1,1,2,career-focused
100000668,27,123279,1,1,1,1,1,3,standard
100000669,43,140795,0,0,1,1,0,1,fewer-opportunities
100000670,47,144456,0,0,1,1,0,1,fewer-opportunities
100000671,27,104773,0,0,0,0,0,1,fewer-opportunities
100000672,31,153353,0,0,0,1,1,2,career-focused
100000673,42,223018,0,0,1,2,1,2,career-focused
100000674,24,129177,0,1,1,1,2,2,career-focused
100000675,41,114475,0,0,1,0,1,1,fewer-opportunities
100000676,26,161323,1,1,1,2,1,3,standard
100000677,33,135765,0,0,1,1,2,2,career-focused
100000678,24,158421,0,1,1,1,0,3,standard
100000679,64,103941,0,0,2,0,0,0,well-off
100000680,26,101783,1,1,1,1,2,3,standard
100000681,56,126531,1,1,2,1,1,0,well-off
100000682,37,111394,0,0,1,1,1,2,career-focused
100000683,33,103577,0,1,1,1,2,2,career-focused
100000684,47,149545,0,1,2,1,1,0,well-off
100000685,31,171857,0,0,0,0,0,1,fewer-opportunities
100000686,34,149782,0,0,1,1,1,2,career-focused
100000687,27,112470,0,0,0,1,1,2,career-focused
100000688,30,133907,0,0,0,1,2,2,career-focused
100000689,35,127849,0,0,1,1,1,2,career-focused
100000690,31,160279,0,0,0,1,2,2,career-focused
100000691,25,92366,0,1,1,1,2,2,career-focused
100000692,25,104794,1,1,1,0,0,3,standard
100000693,29,133436,0,0,0,1,1,2,career-focused
100000694,44,110374,0,0,1,0,0,1,fewer-opportunities
100000695,28,104263,0,0,0,1,1,2,career-focused
100000696,50,138752,0,0,1,1,0,1,fewer-opportunities
100000697,29,102723,0,0,0,1,0,1,fewer-opportunities
100000698,38,46297,1,1,1,0,0,3,standard
100000699,24,96425,0,0,0,1,1,2,career-focused
100000700,40,158197,0,0,1,2,1,2,career-focused
100000701,29,98008,1,1,1,0,0,3,standard
100000702,46,157473,0,0,1,1,0,2,career-focused
100000703,47,149306,1,1,2,1,0,0,well-off
100000704,41,139236,0,0,1,1,1,2,career-focused
100000705,32,125890,1,1,1,1,2,3,standard
100000706,35,173124,1,1,1,1,1,3,standard
100000707,24,164621,0,0,0,1,1,2,career-focused
100000708,25,124539,1,1,1,1,1,3,standard
100000709,25,107614,1,1,1,1,1,3,standard
100000710,37,88849,0,0,1,0,0,1,fewer-opportunities
100000711,32,148566,0,0,0,2,2,2,career-focused
100000712,35,106515,1,1,1,1,2,3,standard
100000713,46,150465,0,0,1,2,1,2,career-focused
100000714,25,60868,0,0,0,0,0,1,fewer-opportunities
100000715,27,255198,0,0,0,2,2,2,career-focused
100000716,63,183178,0,0,2,1,1,0,well-off
100000717,40,121448,0,0,1,1,2,2,career-focused
100000718,32,129975,0,0,0,2,2,2,career-focused
100000719,31,132950,0,0,0,1,2,2,career-focused
100000720,31,169314,0,1,1,1,1,2,career-focused
100000721,34,147958,0,0,1,2,1,2,career-focused
100000722,24,139896,1,1,1,1,2,3,standard
100000723,24,68028,1,1,1,0,0,3,standard
100000724,66,133328,1,1,3,0,0,0,well-off
100000725,21,108518,1,1,1,1,2,3,standard
100000726,41,112700,1,1,2,0,0,3,standard
100000727,47,110190,0,1,2,0,0,0,well-off
100000728,25,105104,1,1,1,1,1,3,standard
100000729,59,184753,1,1,2,1,1,0,well-off
100000730,36,162521,0,1,1,1,2,2,career-focused
100000731,33,156794,0,0,1,1,1,2,career-focused
100000732,21,65827,0,0,0,0,0,1,fewer-opportunities
100000733,44,88490,1,1,2,0,0,3,standard
100000734,28,154919,1,1,1,1,2,3,standard
100000735,37,129058,1,1,1,1,0,3,standard
100000736,29,77532,1,1,1,0,0,3,standard
100000737,23,235417,1,1,1,2,2,2,career-focused
100000738,35,113468,0,0,1,0,0,1,fewer-opportunities
100000739,45,190803,0,0,1,2,2,2,career-focused
100000740,26,121423,1,1,1,0,0,3,standard
100000741,32,121347,0,0,0,1,1,2,career-focused
100000742,23,67408,0,0,0,0,0,1,fewer-opportunities
100000743,41,123043,0,0,1,1,1,2,career-focused
100000744,22,128387,0,0,0,1,2,2,career-focused
100000745,30,250050,0,0,0,2,1,2,career-focused
100000746,28,69588,0,0,0,0,0,1,fewer-opportunities
100000747,23,109547,1,1,1,1,1,3,standard
100000748,37,78840,1,1,1,0,0,3,standard
100000749,26,131122,0,0,0,1,0,1,fewer-opportunities
100000750,33,115403,0,0,1,1,1,2,career-focused
100000751,49,110291,1,1,2,1,2,0,well-off
100000752,23,64811,1,1,1,0,0,3,standard
100000753,23,86015,1,1,1,0,0,3,standard
100000754,25,142438,1,1,1,1,2,3,standard
100000755,55,159303,0,0,1,1,1,2,career-focused
100000756,32,104957,1,1,1,1,1,3,standard
100000757,74,89502,0,0,2,0,0,0,well-off
100000758,39,121313,0,0,1,1,1,2,career-focused
100000759,31,98102,0,0,0,1,0,1,fewer-opportunities
100000760,35,94554,0,0,1,1,1,2,career-focused
100000761,59,162591,1,1,2,1,1,0,well-off
100000762,24,106629,1,1,1,1,2,3,standard
100000763,24,70400,0,0,0,0,0,1,fewer-opportunities
100000764,30,235660,0,0,0,2,2,2,career-focused
100000765,27,121747,0,1,1,1,2,2,career-focused
100000766,40,85060,0,1,1,0,0,1,fewer-opportunities
100000767,31,87630,0,1,1,0,0,3,standard
100000768,31,119673,1,1,1,1,0,3,standard
100000769,28,126060,0,0,0,1,2,2,career-focused
100000770,63,96145,0,0,2,0,0,1,fewer-opportunities
100000771,26,114830,1,1,1,1,0,3,standard
100000772,25,194461,1,1,1,2,2,2,career-focused
100000773,36,150158,0,0,1,2,2,2,career-focused
100000774,52,136323,0,0,1,1,2,2,career-focused
100000775,66,111858,0,0,2,0,0,0,well-off
100000776,25,100198,1,1,1,1,0,3,standard
100000777,37,123452,0,0,1,1,2,2,career-focused
100000778,25,120723,1,1,1,1,1,3,standard
100000779,38,215639,0,0,1,2,1,2,career-focused
100000780,67,166712,1,1,3,1,1,0,well-off
100000781,25,136300,0,0,0,1,1,2,career-focused
100000782,60,166988,0,0,2,1,2,0,well-off
100000783,31,77265,0,0,0,0,0,1,fewer-opportunities
100000784,23,85967,1,1,1,0,0,3,standard
100000785,60,212020,0,1,2,2,0,0,well-off
100000786,35,126054,0,0,1,0,0,1,fewer-opportunities
100000787,40,144589,0,0,1,1,0,1,fewer-opportunities
100000788,38,116723,0,0,1,1,1,2,career-focused
100000789,50,168637,0,0,1,1,1,2,career-focused
100000790,27,139119,0,0,0,1,1,2,career-focused
100000791,39,118610,1,1,2,1,2,0,well-off
100000792,41,183312,0,0,1,2,2,2,career-focused
100000793,27,96323,0,1,1,1,0,3,standard
100000794,51,149510,0,1,2,1,2,0,well-off
100000795,32,141922,0,0,0,1,2,2,career-focused
100000796,22,120233,1,1,1,1,0,3,standard
100000797,51,172790,0,0,1,1,1,2,career-focused
100000798,22,66720,1,1,1,0,0,3,standard
100000799,54,113024,0,1,2,1,1,0,well-off
100000800,35,51791,0,0,1,0,0,1,fewer-opportunities
100000801,54,118408,0,0,1,1,2,2,career-focused
100000802,48,101616,1,1,2,0,0,3,standard
100000803,24,127250,1,1,1,1,0,3,standard
100000804,35,97290,0,0,1,1,0,1,fewer-opportunities
100000805,24,106970,1,1,1,0,0,3,standard
100000806,24,168147,0,0,0,1,2,2,career-focused
100000807,26,68468,0,1,1,0,0,3,standard
100000808,65,120780,0,0,2,1,2,0,well-off
100000809,55,231992,0,0,1,2,2,2,career-focused
100000810,26,53903,1,1,1,0,0,3,standard
100000811,26,101511,0,1,1,1,2,2,career-focused
100000812,28,69046,0,1,1,0,0,3,standard
100000813,24,171584,0,0,0,1,1,2,career-focused
100000814,54,132367,0,0,1,1,2,2,career-focused
100000815,46,134433,0,0,1,1,2,2,career-focused
100000816,54,190518,1,1,2,1,0,0,well-off
100000817,62,152367,0,1,2,1,1,0,well-off
100000818,24,101157,1,1,1,1,1,3,standard
100000819,43,279593,0,1,2,2,2,0,well-off
100000820,26,96716,0,1,1,1,2,2,career-focused
100000821,27,95171,0,1,1,1,0,3,standard
100000822,24,129162,0,1,1,1,2,2,career-focused
100000823,41,118742,0,0,1,1,0,1,fewer-opportunities
100000824,47,74511,0,0,1,0,0,1,fewer-opportunities
100000825,35,157272,0,1,1,2,1,2,career-focused
100000826,30,102374,0,1,1,1,0,3,standard
100000827,33,131492,1,1,1,1,0,3,standard
100000828,36,128702,0,0,1,1,2,2,career-focused
100000829,47,177509,0,0,1,1,2,2,career-focused
100000830,38,163451,0,0,1,1,1,2,career-focused
100000831,44,144900,0,0,1,1,1,2,career-focused
100000832,23,97115,1,1,1,1,2,3,standard
100000833,29,196568,0,0,0,1,2,2,career-focused
100000834,42,158405,1,1,2,1,0,0,well-off
100000835,25,97376,1,1,1,0,0,3,standard
100000836,48,108678,0,0,1,1,1,2,career-focused
100000837,21,92351,1,1,1,1,0,3,standard
100000838,23,61211,1,1,1,0,0,3,standard
100000839,63,138644,0,0,2,1,0,0,well-off
100000840,46,124824,0,1,2,1,2,0,well-off
100000841,29,132852,0,0,0,1,0,1,fewer-opportunities
100000842,28,81069,0,0,0,0,0,1,fewer-opportunities
100000843,23,104094,1,1,1,1,2,3,standard
100000844,50,114853,0,0,1,1,0,1,fewer-opportunities
100000845,47,130344,0,0,1,1,2,2,career-focused
100000846,35,135090,0,0,1,1,0,1,fewer-opportunities
100000847,68,179151,0,0,2,1,2,0,well-off
100000848,28,97390,0,1,1,1,1,3,standard
100000849,59,120160,0,0,2,1,0,0,well-off
100000850,57,82277,0,0,2,0,0,1,fewer-opportunities
100000851,33,110844,0,1,1,1,2,2,career-focused
100000852,43,133105,0,0,1,1,0,1,fewer-opportunities
100000853,35,102042,0,0,1,1,0,1,fewer-opportunities
100000854,32,69370,0,0,0,0,0,1,fewer-opportunities
100000855,45,200298,0,0,1,1,1,2,career-focused
100000856,33,117039,0,1,1,1,2,2,career-focused
100000857,40,107585,1,1,2,1,2,0,well-off
100000858,28,114429,0,0,0,1,0,1,fewer-opportunities
100000859,29,128234,1,1,1,1,2,3,standard
100000860,26,128580,0,0,0,1,2,2,career-focused
100000861,27,177757,0,0,0,1,1,2,career-focused
100000862,28,106222,0,1,1,1,0,3,standard
100000863,35,118428,1,1,1,1,2,3,standard
100000864,32,139477,0,0,0,0,0,1,fewer-opportunities
100000865,25,71159,0,0,0,0,0,1,fewer-opportunities
100000866,20,131370,1,1,1,1,2,3,standard
100000867,27,111567,1,1,1,1,2,3,standard
100000868,42,125482,0,0,1,1,2,2,career-focused
100000869,37,160642,0,0,1,1,2,2,career-focused
100000870,24,92498,1,1,1,1,0,3,standard
100000871,40,199711,1,1,2,1,2,0,well-off
100000872,46,127588,0,0,1,1,2,2,career-focused
100000873,26,107508,0,0,0,1,2,2,career-focused
100000874,24,94629,1,1,1,1,2,3,standard
100000875,29,87598,0,0,0,0,2,2,career-focused
100000876,40,161194,1,1,2,1,1,0,well-off
100000877,36,137342,0,0,1,2,2,2,career-focused
100000878,28,116848,0,0,0,1,1,2,career-focused
100000879,27,125190,0,0,0,2,1,2,career-focused
100000880,36,153441,0,0,1,1,0,1,fewer-opportunities
100000881,38,195328,0,0,1,2,2,2,career-focused
100000882,48,190413,0,1,2,1,0,0,well-off
100000883,36,118656,0,0,1,1,1,2,career-focused
100000884,65,69487,1,1,3,0,0,0,well-off
100000885,43,145313,0,1,2,1,1,0,well-off
100000886,53,117005,1,1,2,1,1,0,well-off
100000887,34,123243,0,0,1,1,1,2,career-focused
100000888,23,237799,0,0,0,1,1,2,career-focused
100000889,34,180617,0,0,1,2,2,2,career-focused
100000890,40,167019,0,0,1,1,0,2,career-focused
100000891,43,147745,0,0,1,2,2,2,career-focused
100000892,46,114254,0,0,1,1,1,2,career-focused
100000893,38,81155,0,0,1,0,0,1,fewer-opportunities
100000894,34,151803,0,0,1,1,2,2,career-focused
100000895,29,94356,0,0,0,1,2,2,career-focused
100000896,31,200621,0,0,0,2,2,2,career-focused
100000897,28,144448,1,1,1,2,1,3,standard
100000898,35,150797,1,1,1,1,0,3,standard
100000899,33,84404,1,1,1,0,0,3,standard
100000900,42,133373,0,0,1,1,2,2,career-focused
100000901,43,119502,0,0,1,1,2,2,career-focused
100000902,44,131619,0,1,2,1,0,0,well-off
100000903,42,194084,0,0,1,1,2,2,career-focused
100000904,40,108278,0,1,1,1,1,2,career-focused
100000905,36,130987,0,0,1,2,1,2,career-focused
100000906,20,116582,0,0,0,2,2,2,career-focused
100000907,24,85270,0,0,0,0,0,1,fewer-opportunities
100000908,27,129227,0,1,1,1,0,3,standard
100000909,46,108291,1,1,2,0,0,3,standard
100000910,33,103091,1,1,1,0,0,3,standard
100000911,34,136975,1,1,1,1,1,3,standard
100000912,25,111502,1,1,1,0,0,3,standard
100000913,25,124750,1,1,1,1,1,3,standard
100000914,28,146463,0,1,1,1,2,2,career-focused
100000915,31,115075,0,0,0,1,0,1,fewer-opportunities
100000916,32,308491,1,1,1,2,1,0,well-off
100000917,32,126368,0,0,0,1,0,1,fewer-opportunities
100000918,68,287247,0,0,2,2,2,0,well-off
100000919,33,125535,0,1,1,1,2,2,career-focused
100000920,39,153223,0,0,1,2,2,2,career-focused
100000921,28,106873,1,1,1,1,1,3,standard
100000922,37,268906,0,0,1,2,1,2,career-focused
100000923,22,97757,1,1,1,1,2,3,standard
100000924,30,112151,0,0,0,1,1,2,career-focused
100000925,55,172909,0,1,2,1,0,0,well-off
100000926,46,103387,0,0,1,1,1,2,career-focused
100000927,21,93916,1,1,1,1,2,3,standard
100000928,39,189963,0,0,1,1,2,2,career-focused
100000929,58,124191,0,0,2,1,0,0,well-off
100000930,43,77205,0,0,1,0,0,1,fewer-opportunities
100000931,24,65917,0,0,0,0,0,1,fewer-opportunities
100000932,22,109676,1,1,1,1,0,3,standard
100000933,30,95682,0,0,0,1,2,2,career-focused
100000934,42,125516,0,0,1,1,2,2,career-focused
100000935,23,99822,1,1,1,1,0,3,standard
100000936,30,154854,0,0,0,2,1,2,career-focused
100000937,28,84582,1,1,1,0,0,3,standard
100000938,30,145800,0,1,1,2,0,2,career-focused
100000939,42,162869,0,0,1,1,1,2,career-focused
100000940,46,192379,0,0,1,2,2,2,career-focused
100000941,45,159757,0,0,1,2,2,2,career-focused
100000942,31,69571,0,0,0,0,0,1,fewer-opportunities
100000943,31,93648,0,0,0,1,2,2,career-focused
100000944,42,77472,0,0,1,0,0,1,fewer-opportunities
100000945,46,121501,1,1,2,1,0,0,well-off
100000946,30,207262,1,1,1,1,0,3,standard
100000947,30,143082,0,0,0,1,2,2,career-focused
100000948,38,147760,0,0,1,2,1,2,career-focused
100000949,43,82082,0,1,2,0,0,3,standard
100000950,31,132991,0,0,0,1,1,2,career-focused
100000951,40,78436,0,1,1,0,0,1,fewer-opportunities
100000952,24,99737,0,0,0,1,2,2,career-focused
100000953,28,164915,1,1,1,1,0,3,standard
100000954,26,223185,1,1,1,2,1,2,career-focused
100000955,29,108400,1,1,1,1,2,3,standard
100000956,57,194882,1,1,2,2,1,0,well-off
100000957,49,122186,0,0,1,0,0,1,fewer-opportunities
100000958,37,79594,0,0,1,0,0,1,fewer-opportunities
100000959,45,104355,0,0,1,0,0,1,fewer-opportunities
100000960,30,135894,0,0,0,1,2,2,career-focused
100000961,30,103699,0,1,1,1,1,3,standard
100000962,47,132145,0,1,2,1,1,0,well-off
100000963,29,117272,0,0,0,1,2,2,career-focused
100000964,35,137932,0,0,1,1,0,1,fewer-opportunities
100000965,22,63972,0,1,1,0,0,3,standard
100000966,26,113299,1,1,1,1,2,3,standard
100000967,23,108540,0,0,0,0,0,1,fewer-opportunities
100000968,54,174424,1,1,2,2,2,0,well-off
100000969,29,154991,0,1,1,1,2,2,career-focused
100000970,40,99723,0,0,1,0,0,1,fewer-opportunities
100000971,22,114584,0,0,0,1,2,2,career-focused
100000972,43,135275,0,0,1,0,0,1,fewer-opportunities
100000973,29,41680,1,1,1,0,0,3,standard
100000974,36,158769,0,0,1,1,1,2,career-focused
100000975,33,120596,1,1,1,1,0,3,standard
100000976,57,139641,1,1,2,0,0,0,well-off
100000977,64,134377,1,1,3,1,0,0,well-off
100000978,42,125804,0,0,1,1,2,2,career-focused
100000979,47,91858,0,0,1,0,0,1,fewer-opportunities
100000980,25,117641,0,1,1,1,2,2,career-focused
100000981,49,188594,0,0,1,1,1,2,career-focused
100000982,33,162827,0,0,1,2,2,2,career-focused
100000983,28,178991,1,1,1,2,2,2,career-focused
100000984,26,159739,0,0,0,1,1,2,career-focused
100000985,30,73401,0,0,0,0,0,1,fewer-opportunities
100000986,25,100794,1,1,1,1,2,3,standard
100000987,33,167763,0,1,1,1,1,2,career-focused
100000988,64,145174,1,1,3,1,0,0,well-off
100000989,29,176292,0,0,0,2,1,2,career-focused
100000990,48,94024,0,0,1,0,0,1,fewer-opportunities
100000991,37,93740,0,0,1,0,0,1,fewer-opportunities
100000992,34,85685,0,0,1,0,0,1,fewer-opportunities
100000993,23,69997,0,1,1,0,0,3,standard
100000994,30,151938,0,0,0,2,2,2,career-focused
100000995,50,122830,0,0,1,1,1,2,career-focused
100000996,31,78489,1,1,1,0,0,3,standard
100000997,40,161999,0,1,1,2,1,2,career-focused
100000998,38,98032,0,0,1,1,2,2,career-focused
100000999,23,96060,0,0,0,1,0,1,fewer-opportunities
100001000,27,147968,0,0,0,1,1,2,career-focused
100001001,63,134853,1,1,2,1,1,0,well-off
100001002,66,157576,0,0,2,2,2,0,well-off
100001003,43,203738,0,1,2,2,1,0,well-off
100001004,44,280570,0,1,2,2,2,0,well-off
100001005,65,69487,0,1,3,0,2,0,well-off
100001006,73,214126,1,1,3,2,1,0,well-off
100001007,60,136671,0,0,2,1,1,0,well-off
100001008,62,174337,0,1,2,1,1,0,well-off
100001009,58,126710,1,1,2,1,1,0,well-off
100001010,43,167139,1,1,2,2,2,0,well-off
100001011,64,122094,0,0,2,1,2,0,well-off
100001012,37,170113,0,1,3,2,2,0,well-off
100001013,46,192698,1,1,2,2,1,0,well-off
100001014,57,144197,0,1,2,1,2,0,well-off
100001015,51,133623,0,1,2,1,1,0,well-off
100001016,32,171052,1,1,3,2,2,0,well-off
100001017,64,130492,0,0,2,1,2,0,well-off
100001018,68,135705,0,0,2,1,1,0,well-off
100001019,55,171804,1,1,2,2,2,0,well-off
100001020,73,192167,0,0,2,2,1,0,well-off
100001021,34,134377,1,1,3,1,2,0,well-off
100001022,44,146716,0,1,2,1,1,0,well-off
100001023,58,267872,0,0,2,1,1,0,well-off
100001024,65,142193,1,1,2,0,1,0,well-off
100001025,56,183765,1,1,2,1,1,0,well-off
100001026,42,218664,1,1,2,2,2,0,well-off
100001027,65,145174,1,1,3,1,2,0,well-off
100001028,72,224961,0,0,2,2,2,0,well-off
100001029,45,262634,1,1,2,2,2,0,well-off
100001030,68,287106,0,0,2,2,2,0,well-off
100001031,60,166298,0,0,2,2,1,0,well-off
100001032,30,133328,1,1,3,0,2,0,well-off
100001033,63,129798,0,0,2,1,1,0,well-off
100001034,57,281084,0,0,2,2,1,0,well-off
100001035,46,160678,1,1,2,1,2,0,well-off
100001036,70,167532,1,1,3,1,1,0,well-off
100001037,65,178591,0,0,2,1,2,0,well-off
100001038,63,273063,0,0,2,2,2,0,well-off
100001039,54,149410,0,1,2,1,2,0,well-off
100001040,49,124658,0,1,2,1,2,0,well-off
100001041,64,153645,1,1,2,1,2,0,well-off
100001042,61,308529,1,1,2,2,2,0,well-off
100001043,57,155062,1,1,2,1,2,0,well-off
100001044,42,199654,1,1,2,1,2,0,well-off
100001045,62,124723,0,0,2,1,2,0,well-off
100001046,41,127752,1,1,2,1,2,0,well-off
100001047,51,157595,1,1,2,2,1,0,well-off
100001048,38,135534,1,1,2,1,2,0,well-off
100001049,56,166264,1,1,2,2,2,0,well-off
100001050,43,147259,1,1,2,1,1,0,well-off
100001051,48,161116,1,1,2,1,1,0,well-off
100001052,61,139380,0,0,2,1,1,0,well-off
100001053,48,213768,0,1,2,2,2,0,well-off
100001054,68,125903,0,0,2,1,2,0,well-off
100001055,62,163940,1,1,2,1,1,0,well-off
100001056,56,173378,1,1,2,2,2,0,well-off
100001057,53,126847,1,1,2,1,1,0,well-off
100001058,33,166712,0,1,3,1,2,0,well-off
100001059,60,189166,1,1,2,1,1,0,well-off
100001060,47,161714,1,1,2,1,1,0,well-off
100001061,25,214364,0,1,3,2,2,0,well-off
100001062,64,184680,0,0,2,1,1,0,well-off
100001063,73,214732,0,0,2,2,1,0,well-off
100001064,66,152527,0,1,2,1,1,0,well-off
100001065,76,170366,1,1,3,2,1,0,well-off
100001066,60,194532,1,1,2,2,1,0,well-off
100001067,57,125883,1,1,2,1,2,0,well-off
100001068,30,131242,0,1,3,1,2,0,well-off
100001069,43,159880,0,1,2,2,1,0,well-off
100001070,57,165519,0,0,2,1,2,0,well-off
100001071,51,149653,0,1,2,1,1,0,well-off
100001072,61,134102,1,1,2,1,1,0,well-off
100001073,64,159378,0,0,2,2,2,0,well-off
100001074,41,205476,0,1,2,2,1,0,well-off
100001075,43,280566,0,1,2,2,2,0,well-off
100001076,67,71823,0,1,3,0,2,0,well-off
100001077,71,211572,1,1,3,2,1,0,well-off
100001078,59,136123,0,0,2,1,1,0,well-off
100001079,60,176372,0,1,2,1,1,0,well-off
100001080,60,128271,1,1,2,1,1,0,well-off
100001081,45,169020,1,1,2,2,2,0,well-off
100001082,63,122267,0,0,2,1,2,0,well-off
100001083,38,169324,0,1,3,2,2,0,well-off
100001084,46,192561,1,1,2,2,1,0,well-off
100001085,55,145781,0,1,2,1,2,0,well-off
100001086,50,135376,0,1,2,1,1,0,well-off
100001087,30,169002,1,1,3,2,2,0,well-off
100001088,63,128469,0,0,2,1,2,0,well-off
100001089,67,135567,0,0,2,1,1,0,well-off
100001090,54,170644,1,1,2,2,2,0,well-off
100001091,71,192360,0,0,2,2,1,0,well-off
100001092,32,133235,1,1,3,1,2,0,well-off
100001093,45,260847,1,1,2,2,2,0,well-off
100001094,65,285647,0,0,2,2,2,0,well-off
100001095,62,164816,0,0,2,2,1,0,well-off
100001096,28,130148,1,1,3,0,2,0,well-off
100001097,65,129838,0,0,2,1,1,0,well-off
100001098,57,281647,0,0,2,2,1,0,well-off
100001099,48,157305,1,1,2,1,2,0,well-off
100001100,71,163654,1,1,3,1,1,0,well-off
100001101,38,82398,0,0,1,1,1,2,career-focused
100001102,40,107710,0,1,1,1,1,2,career-focused
100001103,49,122346,0,0,1,1,1,2,career-focused
100001104,32,155540,0,1,1,2,1,2,career-focused
100001105,45,127572,0,0,1,1,1,2,career-focused
100001106,40,154031,0,0,1,2,1,2,career-focused
100001107,66,164931,0,0,2,2,2,0,well-off
100001108,38,123003,0,0,1,1,2,2,career-focused
100001109,20,89605,0,1,1,1,1,3,standard
100001110,48,117721,0,0,1,1,1,2,career-focused
100001111,46,168904,0,1,2,2,1,0,well-off
100001112,32,137576,0,0,1,2,2,2,career-focused
100001113,54,111274,0,0,1,1,1,2,career-focused
100001114,24,94249,0,1,1,2,2,2,career-focused
100001115,27,180940,0,1,1,2,1,2,career-focused
100001116,57,125032,0,0,1,1,2,2,career-focused
100001117,38,138011,0,0,1,2,1,2,career-focused
100001118,40,144850,0,0,1,1,1,2,career-focused
100001119,20,107270,0,1,1,1,2,2,career-focused
100001120,36,113405,0,0,1,2,2,2,career-focused
100001121,47,137338,0,0,1,1,2,2,career-focused
100001122,64,125119,0,0,2,0,2,0,well-off
100001123,42,159745,0,0,1,2,2,2,career-focused
100001124,44,181262,0,0,1,2,2,2,career-focused
100001125,30,90500,0,1,1,2,2,2,career-focused
100001126,37,102733,0,0,1,1,1,2,career-focused
100001127,42,135493,0,0,1,1,2,2,career-focused
100001128,62,169044,0,1,2,1,1,0,well-off
100001129,49,178549,0,0,1,1,2,2,career-focused
100001130,52,159716,0,0,1,1,2,2,career-focused
100001131,36,170118,0,1,1,2,1,2,career-focused
100001132,49,143886,0,0,1,0,1,1,fewer-opportunities
100001133,42,130164,0,0,1,2,2,2,career-focused
100001134,38,114476,0,0,1,1,1,2,career-focused
100001135,50,126143,0,0,1,1,1,2,career-focused
100001136,34,129654,0,1,1,2,2,2,career-focused
100001137,43,123202,0,0,1,1,2,2,career-focused
100001138,40,160524,0,0,1,1,1,2,career-focused
100001139,56,126906,0,0,2,1,1,0,well-off
100001140,41,143994,0,0,1,2,2,2,career-focused
100001141,30,123517,0,1,1,2,2,2,career-focused
100001142,28,129055,0,1,1,1,2,2,career-focused
100001143,64,136312,0,0,2,0,2,0,well-off
100001144,67,112486,0,0,2,1,2,0,well-off
100001145,37,152401,0,0,1,2,1,2,career-focused
100001146,31,157453,0,0,1,2,1,2,career-focused
100001147,32,142870,0,0,1,2,2,2,career-focused
100001148,52,137231,0,1,2,1,2,0,well-off
100001149,31,104406,0,1,1,1,1,3,standard
100001150,36,145385,0,0,1,2,1,2,career-focused
100001151,32,146519,0,1,1,2,1,2,career-focused
100001152,51,126227,0,0,1,1,2,2,career-focused
100001153,47,112227,0,0,1,2,1,2,career-focused
100001154,34,110145,0,1,1,1,2,2,career-focused
100001155,46,149419,0,1,2,1,1,0,well-off
100001156,42,176646,0,1,1,1,1,2,career-focused
100001157,39,91019,0,0,1,2,1,2,career-focused
100001158,50,169579,0,0,1,1,2,2,career-focused
100001159,42,142305,0,0,1,1,2,2,career-focused
100001160,36,130602,0,1,1,1,1,2,career-focused
100001161,18,98992,0,1,1,1,1,3,standard
100001162,35,181926,0,0,1,2,2,2,career-focused
100001163,38,152864,0,0,1,1,2,2,career-focused
100001164,39,135837,0,0,1,2,2,2,career-focused
100001165,24,121757,0,1,1,0,2,3,standard
100001166,41,182274,0,0,1,1,1,2,career-focused
100001167,36,149040,0,0,1,2,2,2,career-focused
100001168,37,154196,0,0,1,2,2,2,career-focused
100001169,45,135332,0,1,2,1,1,0,well-off
100001170,41,134200,0,0,1,2,2,2,career-focused
100001171,36,177171,0,0,1,2,2,2,career-focused
100001172,38,115964,0,0,1,0,2,2,career-focused
100001173,38,136871,0,0,1,0,1,1,fewer-opportunities
100001174,53,159559,0,1,2,2,2,0,well-off
100001175,35,113878,0,0,1,1,2,2,career-focused
100001176,48,171203,0,0,1,2,2,2,career-focused
100001177,36,102180,0,0,1,1,2,2,career-focused
100001178,22,116844,0,1,1,2,1,2,career-focused
100001179,35,139844,0,0,1,2,2,2,career-focused
100001180,42,156431,0,0,1,0,1,1,fewer-opportunities
100001181,39,116137,0,0,1,0,1,1,fewer-opportunities
100001182,31,143081,0,0,1,1,1,2,career-focused
100001183,33,155870,0,0,1,2,2,2,career-focused
100001184,31,106924,0,1,1,0,1,3,standard
100001185,42,102133,0,0,1,1,1,2,career-focused
100001186,61,145227,0,0,2,0,1,0,well-off
100001187,38,159500,0,0,1,2,2,2,career-focused
100001188,33,98498,0,0,1,0,1,1,fewer-opportunities
100001189,48,159714,0,0,1,1,2,2,career-focused
100001190,31,121852,0,0,1,0,1,1,fewer-opportunities
100001191,52,141271,0,0,1,2,2,2,career-focused
100001192,27,123213,0,1,1,1,2,2,career-focused
100001193,40,143723,0,0,1,2,1,2,career-focused
100001194,34,112538,0,0,1,0,1,1,fewer-opportunities
100001195,26,97932,0,1,1,2,2,2,career-focused
100001196,30,154003,0,0,1,0,1,1,fewer-opportunities
100001197,53,177179,0,0,1,1,1,2,career-focused
100001198,45,128052,0,0,1,1,2,2,career-focused
100001199,32,114617,0,0,1,2,1,2,career-focused
100001200,35,182822,0,0,1,2,2,2,career-focused
100001201,26,177215,0,1,1,1,2,2,career-focused
100001202,30,110929,0,0,1,1,1,2,career-focused
100001203,37,111821,0,0,1,1,1,2,career-focused
100001204,32,97306,0,0,1,2,1,2,career-focused
100001205,40,157231,0,1,1,1,1,2,career-focused
100001206,44,126906,0,0,1,0,2,2,career-focused
100001207,43,133243,0,0,1,1,2,2,career-focused
100001208,51,112250,0,0,1,1,1,2,career-focused
100001209,37,104349,0,0,1,0,1,1,fewer-opportunities
100001210,33,151421,0,0,1,1,2,2,career-focused
100001211,32,178081,0,1,1,2,1,2,career-focused
100001212,35,110181,0,0,1,0,2,2,career-focused
100001213,30,113012,0,1,1,1,1,3,standard
100001214,35,154585,0,1,1,2,2,2,career-focused
100001215,40,144704,0,0,1,2,1,2,career-focused
100001216,37,141632,0,0,1,2,2,2,career-focused
100001217,37,105055,0,0,1,1,2,2,career-focused
100001218,37,124597,0,0,1,1,2,2,career-focused
100001219,53,160164,0,0,1,2,1,2,career-focused
100001220,34,151754,0,0,1,2,1,2,career-focused
100001221,51,155551,0,0,1,1,1,2,career-focused
100001222,26,94986,0,1,1,1,2,2,career-focused
100001223,34,175800,0,0,1,0,1,2,career-focused
100001224,51,126246,0,0,1,2,1,2,career-focused
100001225,33,116261,0,0,1,1,2,2,career-focused
100001226,32,117796,0,1,1,0,2,2,career-focused
100001227,39,115363,0,0,1,1,1,2,career-focused
100001228,53,169076,0,0,1,1,1,2,career-focused
100001229,34,97474,0,0,1,2,2,2,career-focused
100001230,37,140341,0,0,1,1,2,2,career-focused
100001231,28,114503,0,1,1,1,1,3,standard
100001232,25,102937,0,1,1,1,2,2,career-focused
100001233,36,151781,0,0,1,2,2,2,career-focused
100001234,36,123133,0,1,1,1,2,2,career-focused
100001235,35,118879,0,0,1,1,2,2,career-focused
100001236,21,158683,0,1,1,1,1,2,career-focused
100001237,29,107514,0,1,1,1,2,2,career-focused
100001238,60,193879,0,0,2,1,1,0,well-off
100001239,45,135043,0,0,1,1,1,2,career-focused
100001240,56,108559,0,1,2,0,1,0,well-off
100001241,30,121038,0,1,1,1,2,2,career-focused
100001242,52,151947,0,0,1,2,2,2,career-focused
100001243,26,118820,0,1,1,1,1,3,standard
100001244,43,121517,0,0,1,1,1,2,career-focused
100001245,34,113572,0,0,1,1,1,2,career-focused
100001246,22,131170,0,1,1,1,2,2,career-focused
100001247,42,92430,0,0,1,0,1,1,fewer-opportunities
100001248,38,124554,0,0,1,0,1,1,fewer-opportunities
100001249,29,115988,0,1,1,1,2,2,career-focused
100001250,44,107301,0,0,1,1,2,2,career-focused
100001251,29,103767,0,1,1,2,1,2,career-focused
100001252,44,141493,0,0,1,1,2,2,career-focused
100001253,38,154339,0,0,1,1,2,2,career-focused
100001254,26,112369,0,1,1,0,1,3,standard
100001255,53,158193,0,0,1,1,1,2,career-focused
100001256,43,143734,0,0,1,1,1,2,career-focused
100001257,33,121890,0,0,1,1,1,2,career-focused
100001258,52,127609,0,0,1,0,1,1,fewer-opportunities
100001259,26,94650,0,1,1,0,2,3,standard
100001260,38,175504,0,0,1,2,1,2,career-focused
100001261,47,165495,0,0,1,1,2,2,career-focused
100001262,26,120389,0,1,1,1,1,3,standard
100001263,36,165340,0,1,1,1,1,2,career-focused
100001264,36,119804,0,0,1,1,1,2,career-focused
100001265,57,154344,0,0,2,2,1,0,well-off
100001266,31,106266,0,1,1,2,2,2,career-focused
100001267,45,136129,0,0,1,1,1,2,career-focused
100001268,40,151914,0,0,1,2,1,2,career-focused
100001269,21,121473,0,1,1,1,1,3,standard
100001270,46,127147,0,0,1,1,2,2,career-focused
100001271,35,125387,0,0,1,1,2,2,career-focused
100001272,31,139490,0,1,1,0,2,2,career-focused
100001273,51,124990,0,0,1,1,2,2,career-focused
100001274,21,101471,0,1,1,2,1,2,career-focused
100001275,48,155708,0,0,1,1,1,2,career-focused
100001276,48,142345,0,0,1,1,2,2,career-focused
100001277,68,148675,0,0,2,0,1,0,well-off
100001278,45,116484,0,1,2,1,2,0,well-off
100001279,35,150237,0,0,1,2,2,2,career-focused
100001280,22,100273,0,1,1,1,2,2,career-focused
100001281,44,122292,0,0,1,0,1,1,fewer-opportunities
100001282,52,159216,0,0,1,1,1,2,career-focused
100001283,48,130082,0,0,1,1,2,2,career-focused
100001284,33,139547,0,0,1,1,2,2,career-focused
100001285,35,122895,0,1,1,1,1,2,career-focused
100001286,64,154549,0,1,2,1,1,0,well-off
100001287,58,149315,0,0,1,0,2,2,career-focused
100001288,24,118101,0,1,1,0,2,3,standard
100001289,40,115831,0,0,1,0,2,2,career-focused
100001290,49,118571,0,0,1,2,2,2,career-focused
100001291,31,138906,0,0,1,1,2,2,career-focused
100001292,46,98520,0,0,1,1,2,2,career-focused
100001293,46,106576,0,0,1,1,1,2,career-focused
100001294,49,121592,0,0,1,1,1,2,career-focused
100001295,29,135605,0,0,1,0,1,1,fewer-opportunities
100001296,37,114552,0,0,1,1,2,2,career-focused
100001297,33,151339,0,0,1,2,1,2,career-focused
100001298,71,170387,0,0,2,1,2,0,well-off
100001299,35,118288,0,0,1,1,2,2,career-focused
100001300,40,109992,0,0,1,1,2,2,career-focused
100001301,27,90654,1,0,1,0,0,1,fewer-opportunities
100001302,61,113290,1,0,2,0,0,0,well-off
100001303,29,100093,1,1,1,1,1,3,standard
100001304,33,109489,1,0,1,1,0,1,fewer-opportunities
100001305,56,139427,1,0,2,0,0,0,well-off
100001306,27,123411,1,1,1,1,1,3,standard
100001307,22,137925,1,1,1,1,0,3,standard
100001308,19,99119,1,1,1,1,0,3,standard
100001309,28,91084,1,1,1,1,1,3,standard
100001310,24,110137,1,1,1,1,1,3,standard
100001311,27,67041,1,1,1,0,0,3,standard
100001312,30,127299,1,1,1,1,1,3,standard
100001313,26,84555,1,0,1,0,0,1,fewer-opportunities
100001314,26,123895,1,1,1,1,0,3,standard
100001315,23,94324,1,1,1,1,1,3,standard
100001316,28,96062,1,1,1,1,0,3,standard
100001317,67,144843,1,1,3,1,0,0,well-off
100001318,27,107485,1,1,1,1,1,3,standard
100001319,32,98573,1,1,1,1,0,3,standard
100001320,24,107462,1,0,1,0,0,1,fewer-opportunities
100001321,28,115809,1,1,1,1,1,3,standard
100001322,48,118749,1,0,2,0,0,1,fewer-opportunities
100001323,32,139112,1,1,1,1,1,3,standard
100001324,25,94075,1,1,1,1,0,3,standard
100001325,57,62002,1,1,2,0,0,3,standard
100001326,28,127262,1,1,1,1,0,3,standard
100001327,24,122846,1,1,1,1,1,3,standard
100001328,25,61907,1,1,1,0,0,3,standard
100001329,31,89287,1,0,1,0,0,1,fewer-opportunities
100001330,33,103696,1,0,1,1,1,1,fewer-opportunities
100001331,50,147603,1,1,2,1,0,0,well-off
100001332,58,139229,1,1,2,0,1,0,well-off
100001333,27,107932,1,1,1,0,0,3,standard
100001334,48,116235,1,1,2,0,0,3,standard
100001335,22,85974,1,1,1,0,0,3,standard
100001336,40,124001,1,1,1,0,0,3,standard
100001337,32,121428,1,1,1,1,0,3,standard
100001338,25,93233,1,0,1,0,0,1,fewer-opportunities
100001339,27,67965,1,1,1,0,0,3,standard
100001340,27,88001,1,1,1,0,0,3,standard
100001341,23,129112,1,1,1,1,0,3,standard
100001342,32,109324,1,1,1,1,1,3,standard
100001343,25,112785,1,1,1,1,1,3,standard
100001344,46,136735,1,1,2,0,0,3,standard
100001345,21,107779,1,1,1,1,1,3,standard
100001346,29,103526,1,1,1,1,0,3,standard
100001347,31,93171,1,1,1,0,0,3,standard
100001348,26,106559,1,0,1,0,0,1,fewer-opportunities
100001349,23,112728,1,1,1,1,1,3,standard
100001350,38,102855,1,0,1,1,1,1,fewer-opportunities
100001351,35,85381,1,0,1,0,0,1,fewer-opportunities
100001352,27,100762,1,1,1,1,1,3,standard
100001353,22,131445,1,1,1,1,1,3,standard
100001354,52,123194,1,1,2,1,0,0,well-off
100001355,19,99519,1,1,1,1,1,3,standard
100001356,23,112853,1,1,1,1,0,3,standard
100001357,42,110509,1,0,1,1,0,1,fewer-opportunities
100001358,27,106446,1,1,1,1,1,3,standard
100001359,39,89665,1,1,2,0,0,3,standard
100001360,50,128233,1,1,2,1,1,0,well-off
100001361,36,133615,1,1,1,1,0,3,standard
100001362,25,115833,1,1,1,1,1,3,standard
100001363,27,65560,1,1,1,0,0,3,standard
100001364,30,118642,1,1,1,1,0,3,standard
100001365,22,63635,1,0,1,0,0,1,fewer-opportunities
100001366,27,122649,1,1,1,1,1,3,standard
100001367,31,143321,1,0,1,2,1,2,career-focused
100001368,29,99556,1,1,1,1,0,3,standard
100001369,34,36760,1,0,1,0,0,1,fewer-opportunities
100001370,33,71935,1,0,1,0,0,1,fewer-opportunities
100001371,26,114977,1,1,1,1,0,3,standard
100001372,36,147691,1,1,1,1,1,3,standard
100001373,26,54296,1,1,1,0,0,3,standard
100001374,39,80014,1,1,1,0,0,3,standard
100001375,44,77887,1,1,2,0,0,3,standard
100001376,46,98517,1,1,2,0,0,3,standard
100001377,31,103012,1,1,1,0,0,3,standard
100001378,26,121377,1,0,1,1,0,1,fewer-opportunities
100001379,22,91359,1,1,1,1,1,3,standard
100001380,48,104833,1,0,2,0,0,1,fewer-opportunities
100001381,27,101209,1,1,1,1,0,3,standard
100001382,30,58207,1,0,1,0,0,1,fewer-opportunities
100001383,27,116708,1,1,1,1,1,3,standard
100001384,36,107471,1,1,1,1,1,3,standard
100001385,31,128495,1,1,1,1,0,3,standard
100001386,21,124468,1,0,1,1,0,1,fewer-opportunities
100001387,26,106922,1,1,1,1,1,3,standard
100001388,24,104291,1,0,1,1,0,1,fewer-opportunities
100001389,29,98204,1,1,1,1,0,3,standard
100001390,32,127071,1,1,1,1,0,3,standard
100001391,45,85115,1,1,2,0,0,3,standard
100001392,58,104013,1,1,2,0,0,0,well-off
100001393,25,89863,1,1,1,1,0,3,standard
100001394,67,135300,1,1,3,1,0,0,well-off
100001395,53,107861,1,1,2,0,0,3,standard
100001396,24,123994,1,1,1,1,0,3,standard
100001397,20,91270,1,0,1,0,0,1,fewer-opportunities
100001398,71,133245,1,1,3,0,0,0,well-off
100001399,31,118594,1,1,1,1,1,3,standard
100001400,27,40606,1,1,1,0,0,3,standard
100001401,36,129304,1,1,1,0,0,3,standard
100001402,25,113118,1,1,1,1,0,3,standard
100001403,41,133131,1,0,1,1,0,1,fewer-opportunities
100001404,30,106876,1,1,1,1,1,3,standard
100001405,32,130870,1,1,1,1,1,3,standard
100001406,29,125621,1,1,1,0,0,3,standard
100001407,27,78923,1,0,1,0,0,1,fewer-opportunities
100001408,32,123983,1,1,1,1,0,3,standard
100001409,25,75184,1,1,1,0,0,3,standard
100001410,24,109693,1,0,1,1,0,1,fewer-opportunities
100001411,63,86273,1,1,2,0,0,0,well-off
100001412,42,113190,1,0,2,0,0,1,fewer-opportunities
100001413,22,109274,1,1,1,0,0,3,standard
100001414,46,143489,1,1,2,1,1,0,well-off
100001415,24,99570,1,1,1,1,1,3,standard
100001416,30,139468,1,0,1,1,1,2,career-focused
100001417,44,108627,1,1,2,0,0,3,standard
100001418,25,106355,1,0,1,1,0,1,fewer-opportunities
100001419,27,96952,1,1,1,1,0,3,standard
100001420,27,141502,1,1,1,1,1,3,standard
100001421,34,110420,1,1,1,1,1,3,standard
100001422,18,97741,1,1,1,1,1,3,standard
100001423,25,99583,1,1,1,1,1,3,standard
100001424,21,63698,1,1,1,0,0,3,standard
100001425,26,116688,1,1,1,1,1,3,standard
100001426,27,131542,1,1,1,2,1,3,standard
100001427,25,136055,1,0,1,1,1,2,career-focused
100001428,30,100195,1,1,1,1,1,3,standard
100001429,66,131001,1,0,3,1,0,0,well-off
100001430,25,104062,1,1,1,1,1,3,standard
100001431,43,137689,1,1,2,1,0,0,well-off
100001432,35,137705,1,1,1,1,1,3,standard
100001433,70,69915,1,0,3,0,0,0,well-off
100001434,35,68731,1,0,1,0,0,1,fewer-opportunities
100001435,26,105726,1,1,1,1,0,3,standard
100001436,29,78078,1,0,1,0,0,1,fewer-opportunities
100001437,22,110835,1,1,1,0,0,3,standard
100001438,26,115531,1,0,1,1,1,3,standard
100001439,36,92723,1,1,1,0,0,3,standard
100001440,35,107509,1,1,1,1,1,3,standard
100001441,28,116763,1,1,1,1,1,3,standard
100001442,24,100733,1,1,1,1,0,3,standard
100001443,34,92652,1,1,1,0,0,3,standard
100001444,25,106987,1,1,1,1,0,3,standard
100001445,54,51882,1,1,2,0,0,3,standard
100001446,46,104751,1,0,2,0,0,1,fewer-opportunities
100001447,42,50947,1,1,1,0,0,3,standard
100001448,45,126986,1,0,2,0,0,1,fewer-opportunities
100001449,48,110223,1,0,2,0,0,1,fewer-opportunities
100001450,21,100591,1,0,1,0,0,1,fewer-opportunities
100001451,31,123257,1,1,1,1,0,3,standard
100001452,35,137736,1,0,1,1,1,2,career-focused
100001453,36,110221,1,1,1,1,1,3,standard
100001454,32,99703,1,1,1,0,0,3,standard
100001455,26,106667,1,1,1,0,0,3,standard
100001456,34,143319,1,1,1,1,0,3,standard
100001457,65,135557,1,1,2,1,1,0,well-off
100001458,50,93390,1,1,2,0,0,3,standard
100001459,39,97577,1,1,1,1,0,3,standard
100001460,52,124196,1,0,2,0,0,1,fewer-opportunities
100001461,36,81136,1,1,1,0,0,3,standard
100001462,29,119439,1,1,1,1,0,3,standard
100001463,36,145231,1,1,1,1,1,3,standard
100001464,36,85623,1,1,1,0,0,3,standard
100001465,27,145373,1,1,1,1,1,3,standard
100001466,36,135896,1,1,1,2,1,3,standard
100001467,26,106470,1,1,1,1,1,3,standard
100001468,57,113334,1,0,2,1,1,0,well-off
100001469,27,100560,1,0,1,0,0,1,fewer-opportunities
100001470,58,108442,1,1,2,0,0,0,well-off
100001471,27,64472,1,1,1,0,0,3,standard
100001472,49,120207,1,1,2,1,0,0,well-off
100001473,43,101680,1,1,2,1,0,3,standard
100001474,45,92342,1,0,2,0,0,1,fewer-opportunities
100001475,27,98611,1,1,1,0,0,3,standard
100001476,34,97613,1,1,1,1,1,3,standard
100001477,21,82298,1,1,1,0,0,3,standard
100001478,54,125302,1,1,2,1,1,0,well-off
100001479,43,108725,1,1,2,0,0,3,standard
100001480,25,85569,1,0,1,0,0,1,fewer-opportunities
100001481,57,110372,1,0,2,0,0,0,well-off
100001482,26,100511,1,1,1,1,1,3,standard
100001483,30,110455,1,0,1,1,0,1,fewer-opportunities
100001484,58,141993,1,0,2,0,0,0,well-off
100001485,25,121789,1,1,1,1,1,3,standard
100001486,23,138967,1,1,1,1,0,3,standard
100001487,22,105230,1,0,1,1,0,1,fewer-opportunities
100001488,21,90656,1,1,1,1,1,3,standard
100001489,20,115445,1,1,1,1,1,3,standard
100001490,22,59955,1,1,1,0,0,3,standard
100001491,27,126268,1,0,1,1,1,3,standard
100001492,24,80830,1,0,1,0,0,1,fewer-opportunities
100001493,23,123625,1,1,1,1,0,3,standard
100001494,26,102543,1,1,1,1,1,3,standard
100001495,28,101948,1,0,1,1,0,1,fewer-opportunities
100001496,64,142280,1,1,3,1,0,0,well-off
100001497,26,105434,1,1,1,1,1,3,standard
100001498,31,106115,1,1,1,1,0,3,standard
100001499,28,111057,1,0,1,0,0,1,fewer-opportunities
100001500,25,117758,1,1,1,1,1,3,standard
100001501,49,118396,1,0,2,0,0,1,fewer-opportunities
100001502,33,136260,1,1,1,1,1,3,standard
100001503,27,97192,1,0,1,1,0,1,fewer-opportunities
100001504,59,62101,1,1,2,0,0,3,standard
100001505,28,123497,1,1,1,1,0,3,standard
100001506,24,120326,1,1,1,1,1,3,standard
100001507,26,66645,1,1,1,0,0,3,standard
100001508,33,83429,1,0,1,0,0,1,fewer-opportunities
100001509,37,107539,1,0,1,1,1,1,fewer-opportunities
100001510,46,153880,1,1,2,1,0,0,well-off
100001511,62,140178,1,1,2,0,1,0,well-off
100001512,26,100402,1,0,1,0,0,1,fewer-opportunities
100001513,49,122158,1,1,2,0,0,3,standard
100001514,25,89331,1,1,1,0,0,3,standard
100001515,37,125359,1,1,1,0,0,3,standard
100001516,31,124110,1,0,1,1,0,1,fewer-opportunities
100001517,25,93526,1,0,1,0,0,1,fewer-opportunities
100001518,21,70170,1,1,1,0,0,3,standard
100001519,27,82357,1,1,1,0,0,3,standard
100001520,29,126745,1,1,1,1,0,3,standard
100001521,30,103326,1,1,1,1,1,3,standard
100001522,26,116048,1,1,1,1,1,3,standard
100001523,40,137115,1,1,2,0,0,3,standard
100001524,23,105365,1,1,1,1,1,3,standard
100001525,31,95911,1,1,1,1,0,3,standard
100001526,29,88669,1,1,1,0,0,3,standard
100001527,22,103776,1,0,1,0,0,1,fewer-opportunities
100001528,26,108864,1,1,1,1,1,3,standard
100001529,39,106037,1,0,1,1,1,1,fewer-opportunities
100001530,35,84851,1,0,1,0,0,1,fewer-opportunities
100001531,26,95748,1,1,1,1,1,3,standard
100001532,28,133616,1,1,1,1,1,3,standard
100001533,56,132752,1,1,2,1,0,0,well-off
100001534,22,95712,1,1,1,1,1,3,standard
100001535,26,109063,1,1,1,1,0,3,standard
100001536,41,113521,1,0,1,1,0,1,fewer-opportunities
100001537,29,109380,1,1,1,1,1,3,standard
100001538,42,82558,1,1,2,0,0,3,standard
100001539,50,124777,1,1,2,1,1,0,well-off
100001540,33,133542,1,1,1,1,0,3,standard
100001541,28,116492,1,1,1,1,1,3,standard
100001542,27,68834,1,1,1,0,0,3,standard
100001543,27,124023,1,1,1,1,0,3,standard
100001544,28,63882,1,0,1,0,0,1,fewer-opportunities
100001545,24,122492,1,1,1,1,1,3,standard
100001546,28,141453,1,0,1,2,1,2,career-focused
100001547,32,99327,1,1,1,1,0,3,standard
100001548,32,45590,1,0,1,0,0,1,fewer-opportunities
100001549,30,71167,1,0,1,0,0,1,fewer-opportunities
100001550,29,111992,1,1,1,1,0,3,standard
100001551,37,145140,1,1,1,1,1,3,standard
100001552,24,49672,1,1,1,0,0,3,standard
100001553,36,75536,1,1,1,0,0,3,standard
100001554,40,86720,1,1,2,0,0,3,standard
100001555,51,97729,1,1,2,0,0,3,standard
100001556,33,106808,1,1,1,0,0,3,standard
100001557,31,117971,1,0,1,1,0,1,fewer-opportunities
100001558,29,97731,1,1,1,1,1,3,standard
100001559,48,109196,1,0,2,0,0,1,fewer-opportunities
100001560,25,94905,1,1,1,1,0,3,standard
100001561,28,57480,1,0,1,0,0,1,fewer-opportunities
100001562,23,109175,1,1,1,1,1,3,standard
100001563,32,111174,1,1,1,1,1,3,standard
100001564,34,127255,1,1,1,1,0,3,standard
100001565,23,115499,1,0,1,1,0,1,fewer-opportunities
100001566,25,109499,1,1,1,1,1,3,standard
100001567,25,104696,1,0,1,1,0,1,fewer-opportunities
100001568,27,104467,1,1,1,1,0,3,standard
100001569,29,120157,1,1,1,1,0,3,standard
100001570,46,81200,1,1,2,0,0,3,standard
100001571,61,97558,1,1,2,0,0,0,well-off
100001572,25,95914,1,1,1,1,0,3,standard
100001573,67,128053,1,1,3,1,0,0,well-off
100001574,49,101734,1,1,2,0,0,3,standard
100001575,21,126009,1,1,1,1,0,3,standard
100001576,19,91232,1,0,1,0,0,1,fewer-opportunities
100001577,67,128343,1,1,3,0,0,0,well-off
100001578,31,110040,1,1,1,1,1,3,standard
100001579,27,38247,1,1,1,0,0,3,standard
100001580,37,129027,1,1,1,0,0,3,standard
100001581,27,115026,1,1,1,1,0,3,standard
100001582,36,130323,1,0,1,1,0,1,fewer-opportunities
100001583,24,103181,1,1,1,1,1,3,standard
100001584,31,138307,1,1,1,1,1,3,standard
100001585,29,122564,1,1,1,0,0,3,standard
100001586,28,82351,1,0,1,0,0,1,fewer-opportunities
100001587,34,125351,1,1,1,1,0,3,standard
100001588,26,82940,1,1,1,0,0,3,standard
100001589,21,108029,1,0,1,1,0,1,fewer-opportunities
100001590,63,82734,1,1,2,0,0,0,well-off
100001591,38,116816,1,0,2,0,0,1,fewer-opportunities
100001592,20,113472,1,1,1,0,0,3,standard
100001593,44,143343,1,1,2,1,1,0,well-off
100001594,31,104074,1,1,1,1,1,3,standard
100001595,33,138525,1,0,1,1,1,2,career-focused
100001596,49,106960,1,1,2,0,0,3,standard
100001597,26,108323,1,0,1,1,0,1,fewer-opportunities
100001598,28,95784,1,1,1,1,0,3,standard
100001599,30,140673,1,1,1,1,1,3,standard
100001600,36,104235,1,1,1,1,1,3,standard
100001601,27,54041,1,1,1,0,0,3,standard
100001602,23,107961,0,0,0,0,0,1,fewer-opportunities
100001603,31,113757,0,0,0,1,0,1,fewer-opportunities
100001604,27,94884,1,1,1,1,0,3,standard
100001605,25,126041,1,1,1,1,0,3,standard
100001606,23,64952,1,1,1,0,0,3,standard
100001607,27,66764,0,1,1,0,0,3,standard
100001608,38,67861,1,0,1,0,0,1,fewer-opportunities
100001609,44,113516,0,0,1,0,0,1,fewer-opportunities
100001610,42,46109,1,1,1,0,0,3,standard
100001611,25,103651,1,1,1,0,0,3,standard
100001612,40,75043,0,1,1,0,0,1,fewer-opportunities
100001613,24,116473,1,1,1,0,0,3,standard
100001614,39,96614,1,0,1,0,0,1,fewer-opportunities
100001615,24,66447,0,0,0,0,0,1,fewer-opportunities
100001616,50,119068,1,0,1,1,0,1,fewer-opportunities
100001617,28,122973,1,1,1,0,0,3,standard
100001618,36,81609,1,1,1,0,0,3,standard
100001619,36,105519,0,0,1,1,0,1,fewer-opportunities
100001620,40,86649,1,1,1,0,0,3,standard
100001621,31,76384,1,0,0,0,0,1,fewer-opportunities
100001622,27,67136,0,1,1,0,0,3,standard
100001623,35,93155,1,1,1,0,0,3,standard
100001624,51,124183,0,0,1,0,0,1,fewer-opportunities
100001625,26,64860,1,0,0,0,0,1,fewer-opportunities
100001626,33,87232,0,0,1,0,0,1,fewer-opportunities
100001627,27,92304,1,1,1,0,0,3,standard
100001628,38,84254,0,0,1,0,0,1,fewer-opportunities
100001629,30,106696,1,0,0,1,0,1,fewer-opportunities
100001630,28,113212,0,0,0,1,0,1,fewer-opportunities
100001631,23,71076,0,0,0,0,0,1,fewer-opportunities
100001632,23,114270,1,1,1,0,0,3,standard
100001633,26,125538,1,1,1,1,0,3,standard
100001634,21,92442,1,1,1,0,0,3,standard
100001635,36,75297,1,0,1,0,0,1,fewer-opportunities
100001636,24,65707,1,1,1,0,0,3,standard
100001637,41,120387,0,0,1,1,0,1,fewer-opportunities
100001638,42,120946,0,0,1,1,0,1,fewer-opportunities
100001639,27,73265,0,0,0,0,0,1,fewer-opportunities
100001640,40,77481,0,1,1,0,0,1,fewer-opportunities
100001641,34,91282,1,1,1,0,0,3,standard
100001642,40,104405,0,0,1,0,0,1,fewer-opportunities
100001643,33,99646,0,0,1,1,0,1,fewer-opportunities
100001644,49,97791,1,0,1,0,0,1,fewer-opportunities
100001645,28,81878,0,0,0,0,0,1,fewer-opportunities
100001646,26,107908,1,1,1,1,0,3,standard
100001647,40,98608,1,0,1,0,0,1,fewer-opportunities
100001648,47,95228,0,0,1,0,0,1,fewer-opportunities
100001649,41,128163,1,1,1,1,0,3,standard
100001650,29,94325,1,1,1,0,0,3,standard
100001651,37,90815,1,1,1,0,0,3,standard
100001652,31,120719,0,0,0,1,0,1,fewer-opportunities
100001653,35,110159,0,0,1,1,0,1,fewer-opportunities
100001654,35,124490,0,0,1,1,0,1,fewer-opportunities
100001655,29,75161,1,1,1,0,0,3,standard
100001656,37,127206,1,0,1,1,0,1,fewer-opportunities
100001657,37,83660,0,0,1,0,0,1,fewer-opportunities
100001658,26,87400,1,1,1,0,0,3,standard
100001659,28,78942,1,1,1,0,0,3,standard
100001660,23,88452,1,1,1,0,0,3,standard
100001661,38,104128,0,0,1,1,0,1,fewer-opportunities
100001662,30,100313,1,1,1,1,0,3,standard
100001663,45,107387,1,0,1,1,0,1,fewer-opportunities
100001664,24,84355,0,0,0,0,0,1,fewer-opportunities
100001665,35,112723,1,0,1,1,0,1,fewer-opportunities
100001666,41,115892,1,1,1,1,0,3,standard
100001667,30,106597,0,1,1,1,0,3,standard
100001668,30,121327,1,1,1,1,0,3,standard
100001669,26,92559,1,1,1,0,0,3,standard
100001670,25,87537,1,1,1,0,0,3,standard
100001671,23,70569,1,1,1,0,0,3,standard
100001672,27,85294,1,1,1,0,0,3,standard
100001673,26,70905,1,0,0,0,0,1,fewer-opportunities
100001674,25,103716,0,0,0,0,0,1,fewer-opportunities
100001675,27,94947,0,1,1,1,0,3,standard
100001676,42,80116,1,0,1,0,0,1,fewer-opportunities
100001677,35,86492,0,0,1,0,0,1,fewer-opportunities
100001678,25,88672,1,1,1,0,0,3,standard
100001679,26,82984,1,1,1,0,0,3,standard
100001680,38,128100,0,0,1,1,0,1,fewer-opportunities
100001681,28,72869,1,0,0,0,0,1,fewer-opportunities
100001682,33,112227,0,1,1,1,0,3,standard
100001683,40,94674,1,0,1,0,0,1,fewer-opportunities
100001684,23,101003,1,1,1,1,0,3,standard
100001685,25,112924,1,0,0,1,0,1,fewer-opportunities
100001686,28,108645,1,0,0,0,0,1,fewer-opportunities
100001687,41,69415,0,0,1,0,0,1,fewer-opportunities
100001688,50,112204,1,0,1,0,0,1,fewer-opportunities
100001689,23,109700,1,1,1,1,0,3,standard
100001690,26,104484,1,1,1,1,0,3,standard
100001691,22,61239,1,1,1,0,0,3,standard
100001692,37,119602,0,0,1,0,0,1,fewer-opportunities
100001693,38,81014,1,0,1,0,0,1,fewer-opportunities
100001694,22,68165,1,1,1,0,0,3,standard
100001695,30,88652,1,0,0,0,0,1,fewer-opportunities
100001696,38,75705,0,0,1,0,0,1,fewer-opportunities
100001697,36,104189,1,1,1,1,0,3,standard
100001698,41,71603,0,0,1,0,0,1,fewer-opportunities
100001699,29,121914,1,1,1,1,0,3,standard
100001700,31,106637,1,1,1,1,0,3,standard
100001701,31,99800,1,0,0,1,0,1,fewer-opportunities
100001702,21,67629,1,0,0,0,0,1,fewer-opportunities
100001703,32,120354,0,0,0,1,0,1,fewer-opportunities
100001704,35,122110,1,1,1,1,0,3,standard
100001705,29,89170,0,0,0,0,0,1,fewer-opportunities
100001706,34,109195,1,0,1,1,0,1,fewer-opportunities
100001707,38,92392,1,0,1,0,0,1,fewer-opportunities
100001708,33,43805,1,1,1,0,0,3,standard
100001709,28,68389,1,1,1,0,0,3,standard
100001710,28,112521,1,1,1,1,0,3,standard
100001711,21,59255,0,0,0,0,0,1,fewer-opportunities
100001712,29,98612,1,1,1,0,0,3,standard
100001713,26,70649,1,1,1,0,0,3,standard
100001714,40,95228,1,0,1,0,0,1,fewer-opportunities
100001715,25,46865,1,0,0,0,0,1,fewer-opportunities
100001716,20,101688,0,1,1,1,0,3,standard
100001717,23,62618,1,1,1,0,0,3,standard
100001718,27,102531,1,0,0,1,0,1,fewer-opportunities
100001719,36,100737,1,0,1,1,0,1,fewer-opportunities
100001720,25,107321,1,1,1,1,0,3,standard
100001721,25,112879,1,1,1,0,0,3,standard
100001722,34,125372,1,1,1,0,0,3,standard
100001723,24,69419,1,0,0,0,0,1,fewer-opportunities
100001724,36,124759,1,0,1,1,0,1,fewer-opportunities
100001725,40,79076,1,0,1,0,0,1,fewer-opportunities
100001726,39,84779,0,0,1,0,0,1,fewer-opportunities
100001727,42,77393,1,0,1,0,0,1,fewer-opportunities
100001728,35,113187,0,0,1,0,0,1,fewer-opportunities
100001729,27,99100,1,1,1,1,0,3,standard
100001730,27,64954,0,0,0,0,0,1,fewer-opportunities
100001731,23,103244,1,1,1,1,0,3,standard
100001732,32,124975,1,1,1,1,0,3,standard
100001733,28,133582,0,1,1,1,0,3,standard
100001734,22,103519,0,0,0,1,0,1,fewer-opportunities
100001735,31,117813,0,0,0,1,0,1,fewer-opportunities
100001736,22,119902,1,1,1,1,0,3,standard
100001737,23,70783,0,0,0,0,0,1,fewer-opportunities
100001738,35,125470,1,1,1,0,0,3,standard
100001739,26,109782,1,1,1,0,0,3,standard
100001740,28,78322,1,1,1,0,0,3,standard
100001741,54,125517,0,0,1,1,0,1,fewer-opportunities
100001742,49,102463,1,0,1,0,0,1,fewer-opportunities
100001743,38,89309,1,0,1,0,0,1,fewer-opportunities
100001744,47,110287,1,0,1,1,0,1,fewer-opportunities
100001745,49,122391,1,0,1,0,0,1,fewer-opportunities
100001746,30,116399,1,1,1,1,0,3,standard
100001747,32,81907,1,0,0,0,0,1,fewer-opportunities
100001748,24,97909,1,1,1,0,0,3,standard
100001749,25,68051,1,0,0,0,0,1,fewer-opportunities
100001750,33,82414,0,0,1,0,0,1,fewer-opportunities
100001751,34,123089,1,1,1,1,0,3,standard
100001752,24,66537,1,1,1,0,0,3,standard
100001753,36,127926,1,0,1,0,0,1,fewer-opportunities
100001754,41,78963,1,0,1,0,0,1,fewer-opportunities
100001755,33,108694,0,1,1,1,0,3,standard
100001756,26,100892,1,1,1,1,0,3,standard
100001757,36,119560,1,0,1,1,0,1,fewer-opportunities
100001758,35,116176,1,0,1,0,0,1,fewer-opportunities
100001759,29,111854,0,0,0,1,0,1,fewer-opportunities
100001760,26,69831,1,1,1,0,0,3,standard
100001761,31,69375,0,0,0,0,0,1,fewer-opportunities
100001762,26,71310,0,1,1,0,0,3,standard
100001763,47,73913,0,0,1,0,0,1,fewer-opportunities
100001764,20,95492,0,1,1,1,0,3,standard
100001765,45,109329,0,0,1,0,0,1,fewer-opportunities
100001766,36,116027,0,0,1,1,0,1,fewer-opportunities
100001767,31,81987,0,1,1,0,0,3,standard
100001768,41,83481,1,0,1,0,0,1,fewer-opportunities
100001769,31,72361,1,0,0,0,0,1,fewer-opportunities
100001770,27,106625,1,1,1,0,0,3,standard
100001771,32,123707,1,1,1,1,0,3,standard
100001772,43,79353,1,0,1,0,0,1,fewer-opportunities
100001773,32,68347,1,0,0,0,0,1,fewer-opportunities
100001774,29,115832,1,1,1,1,0,3,standard
100001775,37,89946,0,0,1,0,0,1,fewer-opportunities
100001776,35,86319,1,0,1,0,0,1,fewer-opportunities
100001777,23,70963,1,1,1,0,0,3,standard
100001778,40,106120,0,0,1,1,0,1,fewer-opportunities
100001779,26,97856,1,1,1,1,0,3,standard
100001780,28,61824,0,0,0,0,0,1,fewer-opportunities
100001781,40,103907,1,1,1,1,0,3,standard
100001782,26,99953,1,1,1,0,0,3,standard
100001783,23,113413,1,1,1,1,0,3,standard
100001784,26,107091,0,0,0,0,0,1,fewer-opportunities
100001785,26,124783,0,0,0,1,0,1,fewer-opportunities
100001786,49,92281,1,0,1,0,0,1,fewer-opportunities
100001787,26,96219,1,1,1,1,0,3,standard
100001788,35,86221,1,0,1,0,0,1,fewer-opportunities
100001789,24,80962,1,1,1,0,0,3,standard
100001790,46,78754,1,0,1,0,0,1,fewer-opportunities
100001791,26,60026,0,0,0,0,0,1,fewer-opportunities
100001792,47,88157,0,0,1,0,0,1,fewer-opportunities
100001793,27,59881,0,0,0,0,0,1,fewer-opportunities
100001794,41,112818,0,1,1,1,0,3,standard
100001795,29,102250,1,1,1,1,0,3,standard
100001796,28,38980,1,1,1,0,0,3,standard
100001797,33,81807,1,1,1,0,0,3,standard
100001798,50,93148,1,0,1,0,0,1,fewer-opportunities
100001799,32,108032,1,1,1,1,0,3,standard
100001800,31,89335,0,1,1,0,0,3,standard
100001801,52,95639,0,0,1,0,0,1,fewer-opportunities
100001802,53,124902,0,0,1,1,0,1,fewer-opportunities
100001803,34,87801,1,1,1,0,0,3,standard
100001804,22,92538,1,1,1,1,0,3,standard
100001805,33,83687,0,1,1,0,0,3,standard
100001806,32,128310,0,0,0,1,0,1,fewer-opportunities
100001807,45,104754,1,0,1,0,0,1,fewer-opportunities
100001808,25,68222,0,1,1,0,0,3,standard
100001809,41,97006,1,1,1,0,0,3,standard
100001810,36,107372,1,0,1,0,0,1,fewer-opportunities
100001811,27,110511,1,1,1,1,0,3,standard
100001812,40,72193,0,0,1,0,0,1,fewer-opportunities
100001813,37,95972,1,0,1,0,0,1,fewer-opportunities
100001814,35,105556,0,0,1,0,0,1,fewer-opportunities
100001815,34,88701,0,0,1,0,0,1,fewer-opportunities
100001816,28,117710,1,0,0,1,0,1,fewer-opportunities
100001817,44,76057,1,0,1,0,0,1,fewer-opportunities
100001818,27,100392,0,1,1,1,0,3,standard
100001819,50,113308,1,0,1,1,0,1,fewer-opportunities
100001820,18,100924,1,1,1,1,0,3,standard
100001821,25,72188,1,0,0,0,0,1,fewer-opportunities
100001822,40,70431,1,1,1,0,0,3,standard
100001823,28,110103,0,1,1,1,0,3,standard
100001824,23,60825,1,1,1,0,0,3,standard
100001825,35,75100,1,1,1,0,0,3,standard
100001826,28,129327,1,1,1,1,0,3,standard
100001827,23,95541,1,0,0,1,0,1,fewer-opportunities
100001828,34,112777,0,1,1,1,0,3,standard
100001829,29,51496,1,1,1,0,0,3,standard
100001830,35,102781,1,0,1,1,0,1,fewer-opportunities
100001831,32,87494,1,1,1,0,0,3,standard
100001832,46,72728,1,0,1,0,0,1,fewer-opportunities
100001833,27,114775,1,1,1,1,0,3,standard
100001834,25,124359,1,1,1,1,0,3,standard
100001835,27,101620,1,1,1,0,0,3,standard
100001836,24,87964,1,1,1,0,0,3,standard
100001837,33,69523,1,0,0,0,0,1,fewer-opportunities
100001838,24,109486,1,1,1,1,0,3,standard
100001839,28,77206,1,0,0,0,0,1,fewer-opportunities
100001840,35,53608,1,0,1,0,0,1,fewer-opportunities
100001841,30,118677,1,1,1,1,0,3,standard
100001842,43,116512,0,0,1,1,0,1,fewer-opportunities
100001843,21,114756,0,1,1,0,0,3,standard
100001844,24,65852,1,1,1,0,0,3,standard
100001845,34,75626,0,0,1,0,0,1,fewer-opportunities
100001846,26,127455,1,1,1,1,0,3,standard
100001847,37,107073,0,0,1,1,0,1,fewer-opportunities
100001848,32,82196,1,1,1,0,0,3,standard
100001849,33,106741,1,1,1,0,0,3,standard
100001850,28,94518,0,1,1,1,0,3,standard
100001851,30,114430,1,1,1,1,0,3,standard
100001852,26,57165,1,1,1,0,0,3,standard
100001853,25,109610,1,0,0,0,0,1,fewer-opportunities
100001854,33,113619,0,0,0,1,0,1,fewer-opportunities
100001855,30,93854,1,1,1,1,0,3,standard
100001856,26,129022,1,1,1,1,0,3,standard
100001857,23,66804,0,1,1,0,0,3,standard
100001858,25,62689,0,1,1,0,0,3,standard
100001859,40,67619,1,0,1,0,0,1,fewer-opportunities
100001860,46,113495,0,0,1,0,0,1,fewer-opportunities
100001861,43,48632,1,1,1,0,0,3,standard
100001862,22,107394,1,1,1,0,0,3,standard
100001863,39,72385,0,1,1,0,0,1,fewer-opportunities
100001864,27,115934,1,1,1,0,0,3,standard
100001865,40,93183,0,0,1,0,0,1,fewer-opportunities
100001866,24,63506,0,0,0,0,0,1,fewer-opportunities
100001867,52,113619,1,0,1,1,0,1,fewer-opportunities
100001868,30,121399,1,1,1,0,0,3,standard
100001869,34,78281,1,1,1,0,0,3,standard
100001870,38,103926,1,0,1,1,0,1,fewer-opportunities
100001871,39,89097,0,1,1,0,0,1,fewer-opportunities
100001872,29,80852,1,0,0,0,0,1,fewer-opportunities
100001873,25,65207,0,1,1,0,0,3,standard
100001874,35,93495,1,1,1,0,0,3,standard
100001875,53,121970,0,0,1,0,0,1,fewer-opportunities
100001876,26,62027,0,0,0,0,0,1,fewer-opportunities
100001877,33,88602,0,0,1,0,0,1,fewer-opportunities
100001878,29,89914,0,1,1,0,0,3,standard
100001879,39,83342,0,0,1,0,0,1,fewer-opportunities
100001880,29,103439,0,0,0,1,0,1,fewer-opportunities
100001881,26,115451,0,0,0,1,0,1,fewer-opportunities
100001882,24,68250,0,0,0,0,0,1,fewer-opportunities
100001883,21,113630,1,1,1,0,0,3,standard
100001884,26,125880,1,1,1,1,0,3,standard
100001885,20,91177,1,1,1,0,0,3,standard
100001886,35,73266,1,0,1,0,0,1,fewer-opportunities
100001887,24,69021,1,1,1,0,0,3,standard
100001888,40,122593,1,0,1,1,0,1,fewer-opportunities
100001889,44,122180,1,0,1,1,0,1,fewer-opportunities
100001890,29,75160,0,0,0,0,0,1,fewer-opportunities
100001891,39,81973,1,1,1,0,0,3,standard
100001892,35,92194,1,1,1,0,0,3,standard
100001893,42,107380,0,0,1,0,0,1,fewer-opportunities
100001894,32,98023,1,0,1,1,0,1,fewer-opportunities
100001895,48,94868,0,0,1,0,0,1,fewer-opportunities
100001896,26,83442,0,0,0,0,0,1,fewer-opportunities
100001897,26,109887,1,1,1,1,0,3,standard
100001898,42,98876,0,0,1,0,0,1,fewer-opportunities
100001899,48,94962,0,0,1,0,0,1,fewer-opportunities
100001900,42,130740,1,1,1,1,0,3,standard
100001901,27,94095,1,1,1,0,0,3,standard
100001902,37,95071,1,1,1,0,0,3,standard
100001903,33,117308,0,0,0,1,0,1,fewer-opportunities
100001904,33,112093,0,0,1,1,0,1,fewer-opportunities
100001905,37,123893,1,0,1,1,0,1,fewer-opportunities
100001906,31,80189,1,1,1,0,0,3,standard
100001907,39,124089,0,0,1,1,0,1,fewer-opportunities
100001908,40,82673,1,0,1,0,0,1,fewer-opportunities
100001909,28,88858,1,1,1,0,0,3,standard
100001910,26,80540,1,1,1,0,0,3,standard
100001911,24,84228,1,1,1,0,0,3,standard
100001912,40,103963,0,0,1,1,0,1,fewer-opportunities
100001913,29,102397,1,1,1,1,0,3,standard
100001914,43,111563,0,0,1,1,0,1,fewer-opportunities
100001915,23,88260,0,0,0,0,0,1,fewer-opportunities
100001916,34,114767,1,0,1,1,0,1,fewer-opportunities
100001917,42,113275,1,1,1,1,0,3,standard
100001918,33,104755,1,1,1,1,0,3,standard
100001919,32,120525,1,1,1,1,0,3,standard
100001920,26,96082,1,1,1,0,0,3,standard
100001921,23,87227,1,1,1,0,0,3,standard
100001922,26,69333,1,1,1,0,0,3,standard
100001923,27,87777,1,1,1,0,0,3,standard
100001924,24,70978,0,0,0,0,0,1,fewer-opportunities
100001925,27,104196,0,0,0,0,0,1,fewer-opportunities
100001926,26,97551,1,1,1,1,0,3,standard
100001927,42,78979,1,0,1,0,0,1,fewer-opportunities
100001928,37,82500,1,0,1,0,0,1,fewer-opportunities
100001929,26,86306,1,1,1,0,0,3,standard
100001930,24,78762,1,1,1,0,0,3,standard
100001931,39,125543,1,0,1,1,0,1,fewer-opportunities
100001932,26,70336,0,0,0,0,0,1,fewer-opportunities
100001933,35,112975,0,1,1,1,0,3,standard
100001934,38,96681,0,0,1,0,0,1,fewer-opportunities
100001935,24,98922,1,1,1,1,0,3,standard
100001936,26,109250,1,0,0,1,0,1,fewer-opportunities
100001937,25,108960,0,0,0,0,0,1,fewer-opportunities
100001938,40,71302,0,0,1,0,0,1,fewer-opportunities
100001939,48,107757,1,0,1,0,0,1,fewer-opportunities
100001940,22,111600,1,1,1,1,0,3,standard
100001941,25,102974,1,1,1,1,0,3,standard
100001942,24,63442,0,1,1,0,0,3,standard
100001943,39,118913,0,0,1,0,0,1,fewer-opportunities
100001944,39,80987,0,0,1,0,0,1,fewer-opportunities
100001945,21,68790,1,1,1,0,0,3,standard
100001946,27,86462,1,0,0,0,0,1,fewer-opportunities
100001947,40,76881,0,0,1,0,0,1,fewer-opportunities
100001948,37,107409,1,1,1,1,0,3,standard
100001949,42,69114,1,0,1,0,0,1,fewer-opportunities
100001950,31,119167,1,1,1,1,0,3,standard
100001951,31,102018,1,1,1,1,0,3,standard
100001952,30,97680,0,0,0,1,0,1,fewer-opportunities
100001953,23,65062,1,0,0,0,0,1,fewer-opportunities
100001954,33,118144,0,0,0,1,0,1,fewer-opportunities
100001955,37,124548,1,1,1,1,0,3,standard
100001956,29,85637,1,0,0,0,0,1,fewer-opportunities
100001957,31,113108,1,0,1,1,0,1,fewer-opportunities
100001958,39,93554,0,0,1,0,0,1,fewer-opportunities
100001959,33,42516,1,1,1,0,0,3,standard
100001960,26,72429,0,1,1,0,0,3,standard
100001961,27,110154,1,1,1,1,0,3,standard
100001962,20,60965,1,0,0,0,0,1,fewer-opportunities
100001963,27,100618,1,1,1,0,0,3,standard
100001964,26,71021,1,1,1,0,0,3,standard
100001965,40,94189,0,0,1,0,0,1,fewer-opportunities
100001966,24,44742,0,0,0,0,0,1,fewer-opportunities
100001967,22,103201,1,1,1,1,0,3,standard
100001968,24,62335,1,1,1,0,0,3,standard
100001969,27,103787,1,0,0,1,0,1,fewer-opportunities
100001970,35,99401,0,0,1,1,0,1,fewer-opportunities
100001971,27,105197,0,1,1,1,0,3,standard
100001972,25,115566,1,1,1,0,0,3,standard
100001973,34,125843,1,1,1,0,0,3,standard
100001974,24,67936,1,0,0,0,0,1,fewer-opportunities
100001975,34,120863,1,0,1,1,0,1,fewer-opportunities
100001976,42,77317,0,0,1,0,0,1,fewer-opportunities
100001977,38,84653,1,0,1,0,0,1,fewer-opportunities
100001978,42,81606,0,0,1,0,0,1,fewer-opportunities
100001979,35,113380,1,0,1,0,0,1,fewer-opportunities
100001980,27,100644,1,1,1,1,0,3,standard
100001981,25,64037,0,0,0,0,0,1,fewer-opportunities
100001982,23,101350,1,1,1,1,0,3,standard
100001983,34,126334,1,1,1,1,0,3,standard
100001984,28,130877,1,1,1,1,0,3,standard
100001985,21,103470,0,0,0,1,0,1,fewer-opportunities
100001986,32,114588,1,0,0,1,0,1,fewer-opportunities
100001987,21,120682,1,1,1,1,0,3,standard
100001988,25,66628,0,0,0,0,0,1,fewer-opportunities
100001989,35,124447,1,1,1,0,0,3,standard
100001990,25,106567,1,1,1,0,0,3,standard
100001991,31,78758,1,1,1,0,0,3,standard
100001992,54,128537,0,0,1,1,0,1,fewer-opportunities
100001993,51,101074,1,0,1,0,0,1,fewer-opportunities
100001994,38,87670,1,0,1,0,0,1,fewer-opportunities
100001995,45,113414,0,0,1,1,0,1,fewer-opportunities
100001996,47,123525,1,0,1,0,0,1,fewer-opportunities
100001997,27,117744,1,1,1,1,0,3,standard
100001998,31,86400,0,0,0,0,0,1,fewer-opportunities
100001999,24,97968,1,1,1,0,0,3,standard
100002000,25,68416,0,0,0,0,0,1,fewer-opportunities
